상가업소번호,가게명,업종,점수,리뷰증가율,재방문,좋아요,찜,주소,행정동,위도,경도,긍정 리뷰 비율
MA010120220800603549,소신이쏘 신촌본점,한식,4.1,-0.36,4.0,243,6424,서울특별시 서대문구 연세로5가길 19,신촌동,37.55719,126.935538,94.0
MA010120220800593154,파이홀,카페,4.2,-0.67,0.0,79,4772,서울특별시 서대문구 연세로5나길 20,신촌동,37.557046,126.935056,100.0
MA010120220810016763,담산신촌본점,한식,4.4,0.0,0.0,80,1889,서울특별시 서대문구 연세로5다길 5,신촌동,37.556221,126.935029,100.0
MA010120220805443355,호밀밭,카페,4.2,2.0,0.0,141,4364,서울특별시 서대문구 신촌역로 43,신촌동,37.55895,126.940636,100.0
MA010120220814145908,마더린러 베이글,카페,4.2,-0.06,26.02,210,0,서울특별시 서대문구 이화여대5길 5,신촌동,37.55832,126.945374,99.2
MA010120220800589616,고냉지,한식,4.0,-0.12,17.24,140,2397,서울특별시 서대문구 연세로2마길 30,신촌동,37.558513,126.94222,100.0
MA010120220800596371,고삼이 신촌점,한식,4.2,-0.33,4.55,158,4359,서울특별시 서대문구 연세로7안길 38,신촌동,37.558316,126.934713,100.0
MA010120220804171594,waffle it up,카페,4.2,-0.36,6.25,79,2857,서울특별시 서대문구 이화여대3길 42-19,신촌동,37.558251,126.943347,100.0
MA010120220812612096,위샐러듀이대점,카페,4.3,-0.5,0.0,70,0,서울특별시 서대문구 이화여대길 52-31,신촌동,37.559439,126.944725,100.0
MA010120220803188921,소바연구소,일식,3.8,-0.26,12.73,14,118,서울특별시 서대문구 명물길 50-9,신촌동,37.55875,126.939444,94.5
MA010120220800846433,한림돈가 본점,한식,4.2,-0.27,0.0,98,4642,서울특별시 서대문구 연세로7안길 16-4,신촌동,37.558266,126.936057,84.2
MA010120220811490894,유닭스토리닭한마리신촌점,한식,4.2,0.0,0.0,119,503,서울특별시 서대문구 연세로4길 7,신촌동,37.557082,126.937375,100.0
MA010120220803007817,꼬숑돈까스,서양식,3.9,1.0,0.0,7,399,서울특별시 서대문구 명물1길 2,신촌동,37.558049,126.937338,100.0
MA010120220812201759,금별맥주 신촌점,주점,4.0,-0.45,0.0,11,452,서울특별시 서대문구 연세로11길 14,신촌동,37.559079,126.936021,90.5
MA010120220809871590,맘맘테이블,동남아시아,4.4,-0.07,21.15,29,3342,서울특별시 서대문구 연세로4길 33,신촌동,37.557776,126.938408,100.0
MA010120220812334008,효동각 본점,중식,4.4,-0.28,23.08,120,0,서울특별시 서대문구 연대동문길 24,신촌동,37.56351,126.943659,100.0
MA010120220801217659,미스터서왕만두,분식,4.3,-0.2,25.71,282,0,서울특별시 서대문구 신촌역로 16,신촌동,37.558062,126.943176,100.0
MA010120220800593122,스탠바이키친,패스트푸드,4.7,0.0,0.0,30,0,서울특별시 서대문구 연대동문길 49,신촌동,37.564585,126.94462,0.0
MA010120220800766784,그릭데이이대본점,카페,4.2,2.0,0.0,40,3486,서울특별시 서대문구 신촌역로 22-8,신촌동,37.55885,126.943357,100.0
MA010120220800203000,타코몽,일식,4.1,-0.36,12.5,49,2591,서울특별시 서대문구 신촌로 49,신촌동,37.557041,126.932083,93.8
MA010120220814190705,방콕익스프레스 신촌본점,서양식,4.0,-0.22,22.0,353,4408,서울특별시 서대문구 연세로2길 91,신촌동,37.5572,126.941865,98.0
MA010120220800625120,부탄츄 신촌점,일식,3.8,-0.19,20.34,307,4948,서울특별시 서대문구 연세로5길 26-9,신촌동,37.556681,126.935082,94.9
MA010120220800595998,설레임삼겹살,한식,3.6,-0.03,10.0,122,136,서울특별시 서대문구 연세로5가길 31,신촌동,37.557184,126.934896,100.0
MA010120220809300214,키친봄날,카페,4.1,0.0,0.0,18,324,서울특별시 서대문구 신촌로11길 62,신촌동,37.558958,126.934439,0.0
MA010120220814078162,호복,중식,4.3,-0.65,27.27,4,0,서울특별시 서대문구 명물길 16,신촌동,37.557591,126.937792,100.0
MA010120220812685758,부엉이돈가스 신촌점,서양식,4.0,-0.35,0.0,273,0,서울특별시 서대문구 연세로4길 62,신촌동,37.5585,126.939757,88.2
MA010120220800558222,파티오,카페,4.3,0.27,14.29,3,409,서울특별시 서대문구 연세로5다길 28,신촌동,37.5568,126.933986,100.0
MA010120220810815413,코지라운지,주점,5.0,0.12,0.0,10,0,서울특별시 서대문구 연세로7안길 10-5,신촌동,37.558355,126.936208,100.0
MA010120220805346423,란주탕슉,중식,3.9,-0.48,3.03,151,0,서울특별시 서대문구 이화여대2가길 18,신촌동,37.558165,126.946289,97.0
MA010120220808203278,비아 메렝게,동남아시아,4.4,-0.56,25.0,21,3843,서울특별시 서대문구 명물길 27-18,신촌동,37.558646,126.938122,83.3
MA010120220811498089,유야케도쿄,일식,4.4,-0.48,36.36,14,0,서울특별시 서대문구 이화여대3길 28,신촌동,37.558113,126.944097,100.0
MA010120220806996315,원즈오운,카페,4.6,-0.36,37.5,3,0,서울특별시 서대문구 이화여대길 20,신촌동,37.557763,126.946071,93.8
MA010120220800584405,구복,중식,3.7,-0.09,0.0,207,2213,서울특별시 서대문구 연세로4길 26,신촌동,37.557397,126.938275,100.0
MA010120220807042844,신촌수제비,한식,3.6,-0.5,0.0,145,369,서울특별시 서대문구 신촌로 87-8,신촌동,37.555886,126.936321,100.0
MA010120220813677380,고래파스타,서양식,4.2,-0.2,0.0,18,925,서울특별시 서대문구 연세로7안길 10-3,신촌동,37.558271,126.936202,100.0
MA010120220811902552,공복식당,한식,4.2,0.33,8.33,98,2925,서울특별시 서대문구 연세로12길 23,신촌동,37.559092,126.938331,100.0
MA010120220808189158,에이투지 카페,카페,4.0,0.06,11.76,68,1306,서울특별시 서대문구 연세로4길 29,신촌동,37.557698,126.938314,100.0
MA010120220814081753,야바이,주점,3.9,0.0,0.0,312,5880,서울특별시 서대문구 연세로7안길 37,신촌동,37.558111,126.934628,100.0
MA010120220803930832,머노까머나 신촌점,동남아시아,3.6,0.66,5.68,67,517,서울특별시 서대문구 연세로11길 13,신촌동,37.558838,126.93603,100.0
MA010120220806360533,소담식당,한식,4.2,-0.5,18.18,9,1570,서울특별시 서대문구 연세로4길 21,신촌동,37.557419,126.937946,100.0
MA010120220813385141,클로리스 신촌본점,카페,3.8,0.07,14.29,156,2987,서울특별시 서대문구 연세로4길 38,신촌동,37.557744,126.938767,95.9
MA010120220802926374,카우떡볶이,분식,4.6,0.05,39.02,13,0,서울특별시 서대문구 이화여대길 88-21,신촌동,37.559582,126.943942,100.0
MA010120220809302952,비밀,카페,4.1,-0.67,0.0,313,1525,서울특별시 서대문구 이화여대7길 48,신촌동,37.558571,126.943132,100.0
MA010120220807064233,카츠업,동남아시아,4.1,-0.5,0.0,6,18,서울특별시 서대문구 연세로5길 32,신촌동,37.556367,126.935366,100.0
MA010120220810457040,대포찜닭,한식,3.8,1.0,0.0,255,2379,서울특별시 서대문구 연세로 27-1,신촌동,37.558103,126.936668,100.0
MA010120220800600646,길상양꼬치,중식,4.4,0.11,20.0,1,1576,서울특별시 서대문구 연세로5가길 17,신촌동,37.557181,126.935634,100.0
MA010120220800595698,여우골초밥 신촌점,일식,3.8,0.06,10.81,45,2529,서울특별시 서대문구 연세로5다길 10,신촌동,37.556513,126.934989,100.0
MA010120220800626412,고르드,카페,3.6,-0.22,19.75,144,1160,서울특별시 서대문구 명물길 42,신촌동,37.558491,126.938945,97.5
MA010120220812333801,타코로코,서양식,4.1,0.17,0.0,46,5227,서울특별시 서대문구 연세로7안길 37,신촌동,37.558111,126.934628,96.3
MA010120220800600809,솔리드웍스 아이스크림,카페,4.4,-0.06,0.0,33,1540,서울특별시 서대문구 이화여대길 88-3,신촌동,37.559275,126.943489,93.3
MA010120220803097672,파파노다이닝,일식,3.5,-0.17,25.0,253,0,서울특별시 서대문구 이화여대길 88-14,신촌동,37.559417,126.944122,100.0
MA010120220800558973,구이마을,한식,4.5,-0.53,22.22,10,0,서울특별시 서대문구 연세로5가길 32,신촌동,37.557395,126.934896,100.0
MA010120220810165660,육회본가 신촌점,한식,4.4,-0.27,37.5,3,649,서울특별시 서대문구 연세로9길 23,신촌동,37.558471,126.935517,100.0
MA010120220800558226,벽제갈비 신촌점,한식,4.2,-0.4,33.33,9,869,서울특별시 서대문구 명물길 22,신촌동,37.557758,126.938054,33.3
MA010120220813594090,낙원스낵 신촌점,패스트푸드,4.5,0.0,0.0,10,0,서울특별시 서대문구 연세로5가길 17,신촌동,37.557181,126.935634,0.0
MA010120220813038140,초코블로썸,카페,4.3,0.0,23.08,47,3456,서울특별시 서대문구 명물길 50-4,신촌동,37.558555,126.939181,100.0
MA010120220802929122,오리지날 이대본점,한식,4.4,-0.25,0.0,2,408,서울특별시 서대문구 이화여대길 88-9,신촌동,37.559341,126.943603,93.3
MA010120220813493798,옥루몽 신촌본점,카페,4.4,-0.15,41.18,10,0,서울특별시 서대문구 연대동문길 18,신촌동,37.563358,126.943572,100.0
MA010120220807717289,매거진 스탠딩,주점,4.4,-0.14,4.17,12,0,서울특별시 서대문구 연세로7길 34-6,신촌동,37.557942,126.935054,100.0
MA010120220800576001,맨도롱 식당,한식,3.6,0.42,35.29,110,182,서울특별시 서대문구 연세로5가길 8-3,신촌동,37.557481,126.936148,88.2
MA010120220807413424,영미김밥,한식,4.6,-0.35,53.09,2,1758,서울특별시 서대문구 신촌역로 21,신촌동,37.558629,126.942474,97.5
MA010120220809620673,보승회관 서울신촌점,한식,3.6,-0.02,20.65,12,48,서울특별시 서대문구 연세로5길 26,신촌동,37.556573,126.935428,94.6
MA010120220800558047,신촌고기창고,한식,3.8,-0.13,15.38,153,295,서울특별시 서대문구 연세로7길 34-4,신촌동,37.557861,126.935055,100.0
MA010120220814279612,기꾸스시,일식,3.9,-0.3,2.08,215,1101,서울특별시 서대문구 연세로5길 26-17,신촌동,37.55682,126.934785,91.7
MA010120220813450473,신촌부추곱창,한식,4.0,0.0,0.0,197,372,서울특별시 서대문구 연세로7안길 50,신촌동,37.558523,126.934215,0.0
MA010120220805648394,라구식당,서양식,4.1,-0.15,6.67,253,5601,서울특별시 서대문구 연세로 42-24,신촌동,37.559247,126.938437,100.0
MA010120220803132740,청화원,중식,3.8,0.0,0.0,22,59,서울특별시 서대문구 명물길 10,신촌동,37.557419,126.937522,100.0
MA010120220808811263,신촌황소곱창,한식,3.8,1.0,0.0,167,4026,서울특별시 서대문구 연세로9길 31,신촌동,37.558458,126.935066,50.0
MA010120220800570371,티앙팡 오후의 홍차,카페,4.1,0.11,7.32,79,0,서울특별시 서대문구 이화여대길 34,신촌동,37.558454,126.945945,100.0
MA010120220800380246,보울룸 신촌점,서양식,4.4,0.62,30.77,4,384,서울특별시 서대문구 연세로 13,신촌동,37.556738,126.93656,100.0
MA010120220810398581,통큰갈비신촌본점,한식,4.0,-0.67,0.0,194,3723,서울 서대문구 연세로5다길 40,신촌동,37.557069,126.933425,100.0
MA010120220800580738,아마,동남아시아,3.8,0.46,2.44,114,750,서울특별시 서대문구 연세로7길 24,신촌동,37.55782,126.93544,100.0
MA010120220807144703,까이식당,패스트푸드,4.5,-0.12,26.67,71,0,서울특별시 서대문구 이화여대2가길 24,신촌동,37.558485,126.946252,100.0
MA010120220813986760,포티드,카페,3.8,-0.36,9.3,7,143,서울특별시 서대문구 명물길 36-3,신촌동,37.558185,126.938746,95.3
MA010120220805334818,식탁 하늬솔점,서양식,4.1,-0.18,34.78,27,0,서울특별시 서대문구 성산로 527,신촌동,37.563776,126.944091,100.0
MA010120220812191505,건륭산시도삭면 신촌본점,중식,4.1,-0.11,16.67,2,0,서울특별시 서대문구 명물길 33,신촌동,37.558403,126.938229,100.0
MA010120220813916613,김삼보김치찌개 신촌점,한식,4.4,-0.16,18.37,2,123,서울특별시 서대문구 명물길 62,신촌동,37.558662,126.939756,100.0
MA010120220805468753,모미지식당,한식,4.4,-0.09,15.0,13,0,서울특별시 서대문구 이화여대7길 24,신촌동,37.558845,126.944282,90.0
MA010120220812834262,원앤온리커피,카페,4.5,0.0,0.0,4,0,서울특별시 서대문구 이화여대7길 31-4,신촌동,37.558527,126.943782,100.0
MA010120220800576684,죽해수산,서양식,4.2,0.57,0.0,68,0,서울특별시 서대문구 연세로5길 30,신촌동,37.556511,126.935314,100.0
3301,정육면체,중식,4.0,1.5,0.0,40,2087,서울특별시 서대문구 연세로5다길 22-8,신촌동,37.55684,126.93459,100.0
3305,또보겠지떡볶이집 신촌히어로점,한식,4.1,-0.25,16.07,101,1723,서울특별시 서대문구 연세로4길 19,신촌동,37.557386,126.937814,98.2
3329,아웃백스테이크하우스신촌점,서양식,3.8,0.0,0.0,8,60,서울특별시 서대문구 연세로12길 33,신촌동,37.55912,126.938863,0.0
MA010120220812530321,안테이쿠,일식,4.6,-0.39,0.0,0,343,서울특별시 서대문구 연세로11길 22,신촌동,37.559017,126.935629,100.0
MA010120220814208764,인생이막창이네,한식,4.4,-0.5,0.0,0,881,서울특별시 서대문구 연세로7안길 51,신촌동,37.55836,126.933982,100.0
MA010120220813330889,카라멘야,일식,4.3,0.5,0.0,0,1924,서울특별시 서대문구 연세로7안길 34-1,신촌동,37.558252,126.934854,100.0
MA010120220812350633,바코드,주점,4.3,4.0,0.0,0,1471,서울특별시 서대문구 연세로9길 26,신촌동,37.558605,126.935371,100.0
MA010120220800926252,아콘스톨,한식,4.3,-0.31,29.03,0,441,서울특별시 서대문구 신촌역로 17,신촌동,37.558295,126.942417,100.0
MA010120220800631742,송아저씨빈대떡,한식,4.3,0.0,0.0,0,766,서울특별시 서대문구 연세로7안길 29,신촌동,37.558059,126.935179,0.0
MA010120220804471322,진돈부리,일식,4.3,0.22,36.36,0,244,서울특별시 서대문구 신촌로 149,신촌동,37.556954,126.94246,100.0
MA010120220806371195,뉴타운,주점,4.2,0.17,28.57,0,1145,서울특별시 서대문구 연세로12길 27,신촌동,37.559106,126.938566,100.0
MA010120220804132369,탐복 현대백화점신촌점,한식,4.2,-0.5,12.5,0,254,서울특별시 서대문구 신촌로 83,신촌동,37.556083,126.935845,100.0
MA010120220800571802,가례원,카페,4.2,-0.5,0.0,0,114,서울특별시 서대문구 연세로5다길 12,신촌동,37.556547,126.934867,100.0
MA010120220800639432,아저씨네낙지찜,한식,4.2,-0.37,22.73,0,119,서울특별시 서대문구 연세로5다길 39,신촌동,37.556829,126.933373,100.0
MA010120220809231151,미도 매운향솥,중식,4.1,-0.72,0.0,0,433,서울특별시 서대문구 연세로11길 25,신촌동,37.558833,126.93541,100.0
MA010120220805280729,로실링,주점,4.1,0.0,0.0,0,1310,서울특별시 서대문구 연세로4길 26,신촌동,37.557397,126.938275,0.0
MA010120220800909832,대명꼬기,한식,4.1,0.0,0.0,0,153,서울특별시 서대문구 명물길 27-15,신촌동,37.558779,126.938067,100.0
MA010120220800578523,완차이,중식,4.0,1.07,12.9,0,4560,서울특별시 서대문구 명물길 50-7,신촌동,37.558728,126.939379,96.8
MA010120220800684345,타이완소야 신촌본점,중식,4.0,3.5,11.11,0,830,서울특별시 서대문구 연세로7길 27,신촌동,37.557561,126.935226,100.0
MA010120220812341635,신촌칼,서양식,4.0,-0.38,15.38,0,1046,서울특별시 서대문구 연세로4길 42-3,신촌동,37.557908,126.939091,100.0
MA010120220800602766,돈불1971,한식,4.0,-0.59,23.08,0,780,서울특별시 서대문구 연세로5다길 36,신촌동,37.556952,126.933654,100.0
MA010120220812744120,1987피자,서양식,4.0,-0.11,12.5,0,437,서울특별시 서대문구 연세로11길 26,신촌동,37.55903,126.935408,100.0
MA010120220810543131,유자유김치떡볶이 신촌점,한식,4.0,-0.58,0.0,0,319,서울특별시 서대문구 연세로11길 22,신촌동,37.559017,126.935629,100.0
MA010120220800561009,통통돼지,한식,4.0,-0.2,25.0,0,1672,서울특별시 서대문구 연세로4길 19,신촌동,37.557386,126.937814,100.0
MA010120220803458500,만냥하우스,한식,4.0,-0.27,0.0,0,227,서울특별시 서대문구 성산로 402-1,신촌동,37.561282,126.932329,100.0
MA010120220808127702,야채를담다,카페,4.0,-0.47,12.5,0,869,서울특별시 서대문구 신촌역로 22-5,신촌동,37.558905,126.943038,100.0
MA010120220809806991,배바위양곱창,한식,4.0,0.0,0.0,0,163,서울특별시 서대문구 연세로7안길 42,신촌동,37.558372,126.934564,100.0
MA010120220813530011,티문 카페,분식,4.0,1.0,0.0,0,163,서울특별시 서대문구 성산로22길 36,신촌동,37.559308,126.934276,100.0
MA010120220807014750,독수리다방,카페,3.9,0.02,22.92,0,2677,서울특별시 서대문구 연세로 36,신촌동,37.558786,126.937242,95.8
MA010120220806555882,조선의 육개장 칼국수,한식,3.9,-0.08,9.09,0,4117,서울특별시 서대문구 연세로5나길 20,신촌동,37.557046,126.935056,90.9
MA010120220811228684,키친31,일식,3.9,2.0,0.0,0,1411,서울특별시 서대문구 연세로4길 52,신촌동,37.558206,126.939323,100.0
MA010120220813874171,치즈를사랑한찜닭 신촌본점,한식,3.9,1.6,15.38,0,937,서울특별시 서대문구 연세로 29,신촌동,37.558193,126.93662,100.0
MA010120220806727161,카페 문베어,카페,3.9,0.25,33.33,0,354,서울특별시 서대문구 명물길 66,신촌동,37.55888,126.93987,100.0
MA010120220813917577,이빠네마 그릴,서양식,3.9,0.29,13.64,0,322,서울특별시 서대문구 연세로4길 6,신촌동,37.556924,126.937357,100.0
MA010120220805040474,딴따라독두공방,주점,3.9,0.0,0.0,0,1084,서울특별시 서대문구 연세로7안길 29,신촌동,37.558059,126.935179,0.0
MA010120220813975496,플릭온커피,카페,3.9,-0.65,0.0,0,63,서울특별시 서대문구 연세로4길 40,신촌동,37.557869,126.938892,100.0
MA010120220814100801,커피크레페본점,카페,3.9,2.66,8.79,0,109,서울특별시 서대문구 신촌로 87-8,신촌동,37.555886,126.936321,99.3
MA010120220809818533,현명식탁,서양식,3.9,-0.38,3.45,0,39,서울특별시 서대문구 명물길 32,신촌동,37.558042,126.938447,100.0
MA010120220800583190,신촌양꼬치,중식,3.9,0.0,0.0,0,30,서울특별시 서대문구 연세로9길 22,신촌동,37.558599,126.935643,100.0
MA010120220808035101,버거리 신촌점,카페,3.9,-0.32,17.02,0,33,서울특별시 서대문구 신촌로 87-8,신촌동,37.555886,126.936321,100.0
MA010120220806338472,네이버후드,주점,3.8,0.0,0.0,0,875,서울특별시 서대문구 연세로7안길 41,신촌동,37.558178,126.934448,100.0
MA010120220803201646,씽킹인사이드더박스,주점,3.8,2.5,0.0,0,1028,서울특별시 서대문구 연세로12길 20,신촌동,37.55889,126.938133,85.7
MA010120220809672507,곱창이야기,한식,3.8,2.0,0.0,0,869,서울특별시 서대문구 연세로7안길 2,신촌동,37.557746,126.936477,100.0
MA010120220800598460,아무 (Amu),주점,3.8,0.0,0.0,0,416,서울특별시 서대문구 연세로11길 21,신촌동,37.558867,126.935569,100.0
MA010120220800556557,서른즈음에,주점,3.8,0.0,0.0,0,384,서울특별시 서대문구 연세로7안길 35,신촌동,37.558063,126.934721,0.0
MA010120220813564586,청년국수,한식,3.7,-0.2,0.0,0,1072,서울특별시 서대문구 연세로12길 23,신촌동,37.559092,126.938331,100.0
MA010120220813856807,리틀쿠바 현대백화점유플렉스신촌점,서양식,3.7,0.67,0.0,0,434,서울특별시 서대문구 연세로 13,신촌동,37.556738,126.93656,100.0
MA010120220806616403,김판석초밥,일식,3.7,0.0,0.0,0,375,서울특별시 서대문구 연세로9길 37,신촌동,37.558531,126.934581,100.0
MA010120220805161893,폼프리츠 신촌점,카페,3.7,-0.15,9.09,0,893,서울특별시 서대문구 연세로11길 21,신촌동,37.558867,126.935569,100.0
MA010120220804895059,히우카우,동남아시아,3.7,-0.6,0.0,0,278,서울특별시 서대문구 연세로4길 61,신촌동,37.558572,126.939536,100.0
MA010120220805012558,유원섬커피,카페,3.7,0.46,10.53,0,258,서울특별시 서대문구 연세로 42-24,신촌동,37.559247,126.938437,84.2
MA010120220800634270,술익는마을,주점,3.7,-0.52,36.36,0,499,서울특별시 서대문구 연세로7길 22,신촌동,37.557799,126.935558,100.0
MA010120220812875850,고래고래신촌점,한식,3.7,-0.54,0.0,0,199,서울특별시 서대문구 연세로9길 25,신촌동,37.558411,126.935387,83.3
MA010120220800576445,홍초불닭 신촌본점,한식,3.7,-0.55,40.0,0,221,서울특별시 서대문구 연세로7안길 28-3,신촌동,37.558275,126.935192,100.0
MA010120220803148062,빠빠빠치킨 연대본점,한식,3.7,0.6,37.5,0,571,서울특별시 서대문구 연세로11길 19,신촌동,37.558864,126.935709,87.5
MA010120220807029718,에어플레인모드,주점,3.7,-0.12,18.42,0,108,서울특별시 서대문구 연세로4길 36,신촌동,37.557709,126.938671,100.0
MA010120220800599837,복성각,중식,3.6,-0.24,21.43,0,916,서울특별시 서대문구 명물1길 24,신촌동,37.558475,126.937399,97.6
MA010120220800555987,미네르바,카페,3.6,-0.43,16.67,0,897,서울특별시 서대문구 명물길 18,신촌동,37.557681,126.937847,91.7
MA010120220800599006,포석정,주점,3.6,0.45,6.25,0,529,서울특별시 서대문구 연세로11길 25,신촌동,37.558833,126.93541,100.0
MA010120220800574359,요이스시,일식,3.6,0.12,0.0,0,1426,서울특별시 서대문구 연세로7안길 17,신촌동,37.558018,126.935868,100.0
MA010120220812399073,홍미닭발 신촌점,한식,3.6,-0.17,10.0,0,193,서울특별시 서대문구 연세로7안길 30,신촌동,37.558181,126.935201,90.0
MA010120220809408624,독립문설렁탕,한식,3.6,-0.39,48.18,0,24,서울특별시 서대문구 명물1길 2,신촌동,37.558049,126.937338,97.3
MA010120220808135929,마녀주방 신촌점,서양식,3.6,0.08,1.89,0,48,서울특별시 서대문구 명물길 21,신촌동,37.558076,126.937717,92.5
MA010120220800632499,고향전주비빔밥 현대백화점신촌점,한식,3.6,-0.32,32.08,0,39,서울특별시 서대문구 신촌로 83,신촌동,37.556083,126.935845,96.2
MA010120220808211788,만추 현대백화점신촌점,중식,3.6,0.0,7.14,0,6,서울특별시 서대문구 신촌로 83,신촌동,37.556083,126.935845,100.0
MA010120220812974480,호탕마라탕,중식,3.5,4.15,14.86,0,453,서울특별시 서대문구 연세로7안길 14,신촌동,37.558156,126.936051,100.0
MA010120220800595350,라임,일식,3.5,-0.29,0.0,0,623,서울특별시 서대문구 연세로4길 41,신촌동,37.558028,126.938754,93.3
MA010120220803220643,카츠미,일식,3.5,-0.41,10.0,0,859,서울특별시 서대문구 연세로7안길 2,신촌동,37.557746,126.936477,100.0
MA010120220813040056,셀리스도넛,카페,3.5,0.0,0.0,0,62,서울특별시 서대문구 연세로7안길 1,신촌동,37.557788,126.936183,0.0
MA010120220802691073,엠브로돈까스 신촌본점,한식,3.5,0.03,19.4,0,63,서울특별시 서대문구 명물길 26,신촌동,37.557888,126.938258,97.0
MA010120220803537612,논탄토,카페,3.5,0.0,0.0,0,61,서울특별시 서대문구 신촌로 87-4,신촌동,37.555688,126.936237,100.0
MA010120220800639774,원조감자탕,한식,3.5,-0.57,0.0,0,60,서울특별시 서대문구 연세로5다길 8,신촌동,37.556456,126.935114,100.0
MA010120220800589196,신촌돈부리모노,일식,3.4,0.23,0.0,0,1745,서울특별시 서대문구 연세로4길 46,신촌동,37.557969,126.939017,100.0
MA010120220800626353,형제갈비,한식,3.4,-0.09,40.0,0,1743,서울특별시 서대문구 명물1길 2,신촌동,37.558049,126.937338,96.4
MA010120220805836229,오늘통닭 신촌직영점,한식,3.4,0.36,12.5,0,78,서울특별시 서대문구 연세로11길 8,신촌동,37.559042,126.936466,98.6
MA010120220813122259,나이스샤워,일식,3.4,0.0,0.0,0,139,서울특별시 서대문구 연세로 35,신촌동,37.558731,126.936715,0.0
MA010120220808979566,하나,일식,3.4,0.0,0.0,0,97,서울특별시 서대문구 연세로7안길 46,신촌동,37.558433,126.934399,0.0
MA010120220810286469,돈이면돼지 신촌점,한식,3.4,0.0,0.0,0,451,서울특별시 서대문구 연세로11길 35,신촌동,37.558841,126.934834,0.0
MA010120220800603323,몰리스,카페,3.3,-0.05,11.11,0,989,서울특별시 서대문구 연세로5다길 22-7,신촌동,37.556959,126.934402,100.0
MA010120220806788244,아웃닭 신촌역점,한식,3.3,0.04,11.11,0,177,서울특별시 서대문구 연세로4길 19,신촌동,37.557386,126.937814,96.3
MA010120220800209304,도토리칼국수,한식,3.3,-0.55,23.08,0,213,서울특별시 서대문구 명물길 27-19,신촌동,37.558778,126.938186,92.3
MA010120220800594374,대성이네,한식,3.3,0.07,4.62,0,204,서울특별시 서대문구 연세로5나길 33,신촌동,37.557016,126.934277,100.0
MA010120220809655412,미도인 신촌,서양식,3.3,-0.29,16.67,0,66,서울특별시 서대문구 명물길 33,신촌동,37.558403,126.938229,95.8
MA010120220814282031,연어상회 신촌점,일식,3.2,-0.59,28.57,0,434,서울특별시 서대문구 연세로12길 20,신촌동,37.55889,126.938133,85.7
MA010120220808622606,뉴욕비앤씨 신촌본점,카페,3.2,0.44,15.38,0,175,서울특별시 서대문구 연세로12길 39,신촌동,37.559173,126.939154,100.0
MA010120220805952963,내가찜한닭,한식,3.2,0.0,0.0,0,120,서울특별시 서대문구 연세로 24,신촌동,37.557771,126.937112,0.0
MA010120220805237669,통인동커피공방 신촌로스팅라이브러리,카페,3.2,-0.29,20.0,0,59,서울특별시 서대문구 연세로 13,신촌동,37.556738,126.93656,100.0
MA010120220800571111,가문의우동,일식,3.2,0.0,0.0,0,27,서울특별시 서대문구 연세로9길 13,신촌동,37.55847,126.93609,0.0
MA010120220806525269,아비꼬 신촌점,일식,3.1,-0.42,57.14,0,138,서울특별시 서대문구 명물길 58-8,신촌동,37.558662,126.939503,100.0
MA010120220800633380,고바우,한식,4.4,-0.2,0.0,0,518,서울특별시 서대문구 명물1길 22,신촌동,37.558385,126.937315,100.0
MA010120220805995343,한창희천하일면,일식,4.2,-0.67,0.0,0,91,서울특별시 서대문구 명물길 27-17,신촌동,37.558722,126.938139,100.0
MA010120220802965641,엔타로커피,카페,4.1,0.11,3.23,0,170,서울특별시 서대문구 명물길 37,신촌동,37.558579,126.938177,100.0
MA010120220814207268,타오마라탕 신촌점,중식,4.1,-0.35,25.0,0,33,서울특별시 서대문구 연세로5나길 6,신촌동,37.55705,126.935908,100.0
MA010120220808084466,MrLee,주점,4.0,0.0,0.0,0,130,서울특별시 서대문구 연세로7안길 41,신촌동,37.558178,126.934448,0.0
MA010120220802741862,쿠마네꼬치,일식,4.0,-0.5,0.0,0,65,서울특별시 서대문구 연세로9길 22,신촌동,37.558599,126.935643,100.0
MA010120220811860023,가마마루이라멘,일식,3.9,-0.6,0.0,0,4524,서울특별시 서대문구 성산로22길 4,신촌동,37.56039,126.933329,100.0
MA010120220800586382,마이시크릿메이트,카페,3.9,-0.54,16.67,0,169,서울특별시 서대문구 연세로4길 47,신촌동,37.558228,126.939057,100.0
MA010120220803290634,더도이축산직영점 신촌점,한식,3.9,-0.15,9.09,0,23,서울특별시 서대문구 연세로7길 24,신촌동,37.55782,126.93544,100.0
MA010120220800759417,신촌오빠네옛날떡볶이,한식,3.8,-0.67,0.0,0,101,서울특별시 서대문구 연세로5다길 22-7,신촌동,37.556959,126.934402,100.0
MA010120220808707421,크리스터 치킨,한식,3.7,1.5,30.0,0,150,서울특별시 서대문구 연세로11길 30,신촌동,37.55902,126.935176,100.0
MA010120220800584941,연대포,주점,3.6,-0.52,20.0,0,615,서울특별시 서대문구 연세로7길 26,신촌동,37.557781,126.935309,100.0
MA010120220800201981,초당쌈밥,한식,3.6,-0.12,28.57,0,927,서울특별시 서대문구 연세로12길 37-4,신촌동,37.559265,126.939111,100.0
MA010120220805400839,노란집,서양식,3.4,-0.1,22.22,0,1001,서울특별시 서대문구 신촌역로 22-5,신촌동,37.558905,126.943038,100.0
MA010120220800567138,춘천집 닭갈비막국수,한식,3.4,-0.11,11.9,0,131,서울특별시 서대문구 연세로5가길 1,신촌동,37.55705,126.936096,100.0
MA010120220800587728,홍대돈부리 신촌점,일식,3.4,-0.67,0.0,0,278,서울특별시 서대문구 연세로12길 28,신촌동,37.558965,126.938554,100.0
3306,탕화쿵부,중식,3.9,0.0,0.0,0,2052,서울특별시 서대문구 신촌역로 23,신촌동,37.558735,126.942455,0.0
3307,피망과토마토,주점,3.9,1.0,12.5,0,1223,서울특별시 서대문구 명물길 27-21,신촌동,37.558749,126.938321,87.5
3312,프레퍼스다이어트푸드,서양식,3.9,0.0,0.0,0,159,서울특별시 서대문구 명물길 4,신촌동,37.557315,126.937259,100.0
3314,미분당,동남아시아,3.8,0.0,0.0,0,889,서울특별시 서대문구 연세로5길 26-7,신촌동,37.556555,126.935216,0.0
3318,탈리,카페,3.6,0.13,4.23,0,39,서울특별시 서대문구 연세로5나길 30-6,신촌동,37.557197,126.934789,97.9
3320,공릉닭한마리,한식,3.6,-0.23,33.33,0,153,서울특별시 서대문구 연세로2길 77,신촌동,37.557135,126.941076,96.7
3325,Chai797 Plus 현대신촌점,중식,3.4,-0.08,22.73,0,31,서울특별시 서대문구 신촌로 83,신촌동,37.556083,126.935845,100.0
3328,여우사이,카페,3.2,0.0,0.0,0,137,서울특별시 서대문구 연세로5다길 5,신촌동,37.556221,126.935029,0.0
MA010120220800575509,불타는곱창 신촌점,한식,0.0,0.25,0.0,0,0,서울특별시 서대문구 연세로7안길 10-3,신촌동,37.558271,126.936202,100.0
MA010120220809869234,사백집 서울대패 신촌점,주점,0.0,0.0,0.0,0,0,서울특별시 서대문구 연세로7안길 10-4,신촌동,37.558313,126.936441,100.0
MA010120220802418610,한신포차 신촌점,주점,0.0,-0.69,0.0,0,0,서울특별시 서대문구 연세로7안길 10-4,신촌동,37.558313,126.936441,75.0
MA010120220804841693,신촌관,주점,0.0,-0.71,0.0,0,0,서울특별시 서대문구 연세로7안길 10-4,신촌동,37.558313,126.936441,100.0
MA010120220810411425,찰리주막 신촌점,주점,0.0,0.44,0.0,0,0,서울특별시 서대문구 연세로7안길 10-5,신촌동,37.558355,126.936208,100.0
MA010120220805834391,야곱의축복 신촌점,한식,0.0,3.3,2.33,0,0,서울특별시 서대문구 연세로7안길 10-7,신촌동,37.558453,126.936211,100.0
MA010120220806790112,푸른바다찜탕,한식,0.0,0.0,100.0,0,0,서울특별시 서대문구 연세로7안길 10-7,신촌동,37.558453,126.936211,100.0
MA010120220800595661,바프로,주점,0.0,2.25,0.0,0,0,서울특별시 서대문구 연세로7안길 10-7,신촌동,37.558453,126.936211,92.3
MA010120220812318844,비어어클락,주점,0.0,-0.75,0.0,0,0,서울특별시 서대문구 연세로7안길 13,신촌동,37.55798,126.936055,100.0
MA0101202302A0094289,바플라이 2호점 : 달밤,주점,0.0,0.0,0.0,0,0,서울특별시 서대문구 연세로7안길 13,신촌동,37.55798,126.936055,0.0
MA010120220804324906,삼산회관 신촌점,한식,0.0,0.0,7.32,0,0,서울특별시 서대문구 연세로7안길 16-3,신촌동,37.558298,126.935846,97.6
MA010120220809976328,투비위드유2,서양식,0.0,0.0,0.0,0,0,서울특별시 서대문구 연세로7안길 16-4,신촌동,37.558266,126.936057,0.0
MA010120220813682123,꼼보포차 신촌2호점,주점,0.0,0.33,10.0,0,0,서울특별시 서대문구 연세로7안길 17,신촌동,37.558018,126.935868,100.0
MA010120220813099356,스카이문 루프탑,주점,0.0,0.0,0.0,0,0,서울특별시 서대문구 연세로7안길 18,신촌동,37.558136,126.935848,0.0
MA010120220813622235,소주밤,주점,0.0,0.0,0.0,0,0,서울특별시 서대문구 연세로7안길 18,신촌동,37.558136,126.935848,100.0
MA010120220814185142,기중상점,주점,0.0,1.33,28.57,0,0,서울특별시 서대문구 연세로7안길 18,신촌동,37.558136,126.935848,100.0
MA010120220804044998,김덕후의곱창조 신촌점,한식,0.0,-0.5,40.0,0,0,서울특별시 서대문구 연세로7안길 18,신촌동,37.558136,126.935848,100.0
MA010120220806708070,반이학생마라탕마라반,중식,0.0,-0.42,14.29,0,0,서울특별시 서대문구 연세로7안길 2,신촌동,37.557746,126.936477,100.0
MA010120220803503818,썸타로사주 타로카페썸,카페,0.0,0.0,0.0,0,0,서울특별시 서대문구 연세로7안길 2,신촌동,37.557746,126.936477,0.0
MA010120220809686541,두꺼비로멘스 신촌점,한식,0.0,1.0,0.0,0,0,서울특별시 서대문구 연세로7안길 20,신촌동,37.558221,126.935703,75.0
MA010120220811751233,스무스,주점,0.0,0.0,0.0,0,0,서울특별시 서대문구 연세로7안길 20,신촌동,37.558221,126.935703,0.0
MA010120220800602941,다모토리2,주점,0.0,0.0,0.0,0,0,서울특별시 서대문구 연세로7안길 21,신촌동,37.55798,126.935555,0.0
MA010120220812535548,친구친구,주점,0.0,0.0,0.0,0,0,서울특별시 서대문구 연세로7안길 22,신촌동,37.558226,126.935534,0.0
MA010120220800560223,다모토리,주점,0.0,0.4,28.57,0,0,서울특별시 서대문구 연세로7안길 22,신촌동,37.558226,126.935534,100.0
MA010120220800639511,담,주점,0.0,-0.25,0.0,0,0,서울특별시 서대문구 연세로7안길 22,신촌동,37.558226,126.935534,100.0
MA010120220812698393,구르미네,주점,0.0,0.0,0.0,0,0,서울특별시 서대문구 연세로7안길 25,신촌동,37.558051,126.935432,0.0
MA010120220809680484,주간,일식,0.0,0.0,0.0,0,0,서울특별시 서대문구 연세로7안길 31,신촌동,37.558032,126.935047,0.0
MA010120220805154691,SOLID ACE,주점,0.0,1.0,0.0,0,0,서울특별시 서대문구 연세로7안길 32,신촌동,37.558182,126.935073,100.0
MA0101202212A0018048,오므파탈 신촌점,서양식,0.0,0.0,3.85,0,0,서울특별시 서대문구 연세로7안길 32,신촌동,37.558182,126.935073,100.0
MA010120220806773217,온밥,한식,0.0,11.0,16.67,0,0,서울특별시 서대문구 연세로7안길 34-1,신촌동,37.558252,126.934854,100.0
MA010120220809705058,마미골,주점,0.0,0.0,0.0,0,0,서울특별시 서대문구 연세로7안길 34-7,신촌동,37.558473,126.934829,100.0
MA010120220808296415,다모토리7,주점,0.0,0.0,0.0,0,0,서울특별시 서대문구 연세로7안길 35,신촌동,37.558063,126.934721,0.0
MA010120220800559802,달팽이,주점,0.0,0.0,0.0,0,0,서울특별시 서대문구 연세로7안길 37,신촌동,37.558111,126.934628,0.0
MA010120220811970915,통큰 장모님 밥상,한식,0.0,-0.55,40.0,0,0,서울특별시 서대문구 연세로7안길 39,신촌동,37.558142,126.934548,100.0
MA010120220800599236,향꽃,주점,0.0,-0.57,0.0,0,0,서울특별시 서대문구 연세로7안길 39,신촌동,37.558142,126.934548,100.0
MA010120220813145114,인쌩맥주 신촌점,주점,0.0,-0.17,3.45,0,0,서울특별시 서대문구 연세로7안길 4,신촌동,37.55785,126.936424,89.7
MA010120220812539433,본도시락 신촌점,한식,0.0,0.0,0.0,0,0,서울특별시 서대문구 연세로7안길 45,신촌동,37.558235,126.93425,0.0
MA0101202302A0101870,란주우육면,중식,0.0,0.0,0.0,0,0,서울특별시 서대문구 연세로7안길 5,신촌동,37.557939,126.936203,0.0
MA010120220803409968,신신포차,주점,0.0,-0.92,0.0,0,0,서울특별시 서대문구 연세로7안길 7,신촌동,37.558022,126.93619,100.0
MA010120220811947726,프라이빗 신촌점,주점,0.0,0.95,8.11,0,0,서울특별시 서대문구 연세로9길 10-1,신촌동,37.558624,126.936177,94.6
MA010120220811968247,브릭스5221맥주 신촌점,카페,0.0,0.29,10.31,0,0,서울특별시 서대문구 연세로9길 10-3,신촌동,37.558771,126.936121,99.0
MA010120220800632273,송학,주점,0.0,0.33,0.0,0,0,서울특별시 서대문구 연세로9길 20,신촌동,37.558616,126.93576,100.0
MA010120220806451968,안녕타코 신촌점,일식,0.0,0.0,0.0,0,0,서울특별시 서대문구 연세로9길 23,신촌동,37.558471,126.935517,0.0
MA010120220803195750,240H,주점,0.0,0.0,0.0,0,0,서울특별시 서대문구 연세로9길 24,신촌동,37.558625,126.935488,0.0
MA010120220800557092,양푼이주막,한식,0.0,0.0,0.0,0,0,서울특별시 서대문구 연세로9길 26,신촌동,37.558605,126.935371,0.0
MA010120220800595153,해신포차,주점,0.0,-0.44,0.0,0,0,서울특별시 서대문구 연세로9길 28,신촌동,37.558691,126.935267,100.0
MA010120220800633688,젊음의행진,주점,0.0,2.0,0.0,0,0,서울특별시 서대문구 연세로9길 29,신촌동,37.558473,126.93521,100.0
MA010120220802988550,냥 보드게임pub,주점,0.0,0.0,0.0,0,0,서울특별시 서대문구 연세로9길 29,신촌동,37.558473,126.93521,100.0
MA010120220800220620,네오치킨 신촌점,패스트푸드,0.0,2.0,0.0,0,0,서울특별시 서대문구 연세로9길 30,신촌동,37.558595,126.935178,100.0
MA010120220806697492,카시타 후카바 신촌점,주점,0.0,0.0,0.0,0,0,서울특별시 서대문구 연세로9길 34-1,신촌동,37.558656,126.934845,100.0
MA010120220803286104,책다방 위숨,카페,0.0,-0.83,0.0,0,0,서울특별시 서대문구 연세로9길 34-1,신촌동,37.558656,126.934845,100.0
MA010120220812818551,굽네치킨 신촌점,패스트푸드,0.0,0.17,14.29,0,0,서울특별시 서대문구 연세로9길 34-4,신촌동,37.558714,126.935098,100.0
MA010120220810113017,연세로갈매기,한식,0.0,-0.19,13.95,0,0,서울특별시 서대문구 연세로9길 43,신촌동,37.558629,126.934389,100.0
MA0101202302A0031458,레스트 펍,서양식,0.0,0.0,0.0,0,0,서울특별시 서대문구 연세로9길 7,신촌동,37.558449,126.936442,0.0
MA010120220813481960,싱싱참치,일식,0.0,0.0,0.0,0,0,서울특별시 서대문구 연희로 32,신촌동,37.561532,126.927274,100.0
MA010120220812313513,스크립트,주점,0.0,0.0,0.0,0,0,서울특별시 서대문구 연희로 34,신촌동,37.561704,126.927411,0.0
MA010120220813290927,서변동 마늘 떡볶이,분식,0.0,0.0,0.0,0,0,서울특별시 서대문구 연희로2길 14,신촌동,37.560742,126.927514,100.0
MA010120220806664712,바람커피 문화상점,카페,0.0,0.0,0.0,0,0,서울특별시 서대문구 연희로2길 62,신촌동,37.559179,126.927858,0.0
MA010120220813197415,베어스덴 브런치,카페,0.0,-0.45,0.0,0,0,서울특별시 서대문구 연희로4길 10,신촌동,37.561611,126.92777,94.1
MA010120220800213478,리히트,카페,0.0,1.0,32.81,0,0,서울특별시 서대문구 연희로4길 10,신촌동,37.561611,126.92777,100.0
MA010120220811857192,날마다 이대점,카페,0.0,0.0,0.0,0,0,서울특별시 서대문구 이화여대1길 33,신촌동,37.557114,126.943783,0.0
MA010120220812455800,로컬식당,한식,0.0,-0.7,33.33,0,0,서울특별시 서대문구 이화여대1길 33,신촌동,37.557114,126.943783,100.0
MA010120220804995202,커스텀아토,카페,0.0,0.0,0.0,0,0,서울특별시 서대문구 이화여대1안길 25,신촌동,37.557478,126.943709,0.0
MA010120220800603138,카페문,카페,0.0,-0.66,27.27,0,0,서울특별시 서대문구 이화여대2가길 10,신촌동,37.557839,126.946288,100.0
MA010120220805261967,덮밥만드는남자 이대점,한식,0.0,0.5,0.0,0,0,서울특별시 서대문구 이화여대2가길 17,신촌동,37.558142,126.94606,66.7
MA010120220800586638,아비꼬 이대점,일식,0.0,-0.31,11.11,0,0,서울특별시 서대문구 이화여대2가길 17,신촌동,37.558142,126.94606,88.9
MA010120220812178026,레인트리,카페,0.0,0.0,0.0,0,0,서울특별시 서대문구 이화여대2가길 24,신촌동,37.558485,126.946252,100.0
MA010120220806954101,폴어반,카페,0.0,0.0,0.0,0,0,서울특별시 서대문구 이화여대2길 10,신촌동,37.557268,126.946478,0.0
MA010120220812267789,오늘와인한잔 이대역점,주점,0.0,-0.5,0.0,0,0,서울특별시 서대문구 이화여대2길 11,신촌동,37.557524,126.946515,100.0
MA010120220800891258,BHC치킨 이대역점,패스트푸드,0.0,-0.41,37.5,0,0,서울특별시 서대문구 이화여대2길 11,신촌동,37.557524,126.946515,93.8
MA010120220811776529,섬채,한식,0.0,-0.15,74.36,0,0,서울특별시 서대문구 이화여대2길 16,신촌동,37.557319,126.946804,100.0
MA010120220814339484,오븐에오분,카페,0.0,-0.25,20.0,0,0,서울특별시 서대문구 이화여대2길 26,신촌동,37.557357,126.947413,100.0
MA010120220804951955,내사랑,패스트푸드,0.0,5.67,15.0,0,0,서울특별시 서대문구 이화여대2길 37,신촌동,37.55753,126.947981,100.0
MA010120220812303375,유소바,일식,0.0,-0.53,8.57,0,0,서울특별시 서대문구 이화여대2길 4,신촌동,37.557255,126.94616,100.0
MA010120220800567582,다다,일식,0.0,-0.22,44.44,0,0,서울특별시 서대문구 이화여대3길 10,신촌동,37.558077,126.945174,100.0
MA010120220800599675,후쿠스시,일식,0.0,-0.9,0.0,0,0,서울특별시 서대문구 이화여대3길 10,신촌동,37.558077,126.945174,100.0
MA010120220800581023,삭 수제튀김 전문점,분식,0.0,-0.05,33.33,0,0,서울특별시 서대문구 이화여대3길 12,신촌동,37.558093,126.945112,94.2
MA010120220800575797,본죽 이대점,한식,0.0,-0.4,44.44,0,0,서울특별시 서대문구 이화여대3길 16,신촌동,37.558079,126.944848,100.0
MA0101202209A0092906,포히엔베트남쌀국수,동남아시아,0.0,-0.36,33.33,0,0,서울특별시 서대문구 이화여대3길 2,신촌동,37.558129,126.945547,100.0
MA010120220804920685,나띵벗커피,카페,0.0,0.0,0.0,0,0,서울특별시 서대문구 이화여대3길 42-19,신촌동,37.558251,126.943347,0.0
MA010120220808684587,본도시락 이대점,한식,0.0,-0.8,50.0,0,0,서울특별시 서대문구 이화여대5길 15,신촌동,37.558285,126.944833,100.0
MA010120220808084755,아웃닭 이대점,패스트푸드,0.0,0.0,0.0,0,0,서울특별시 서대문구 이화여대5길 16,신촌동,37.558448,126.944799,0.0
MA010120220800608853,엄마손김밥,분식,0.0,-0.4,0.0,0,0,서울특별시 서대문구 이화여대5길 16,신촌동,37.558448,126.944799,66.7
MA010120220810241901,치킨을사랑한떡볶이 서울이대점,분식,0.0,0.0,0.0,0,0,서울특별시 서대문구 이화여대5길 2,신촌동,37.558452,126.94553,0.0
MA010120220810403979,타이스토리,동남아시아,0.0,-0.89,0.0,0,0,서울특별시 서대문구 이화여대5길 2,신촌동,37.558452,126.94553,100.0
MA010120220803160054,낭만식탁,일식,0.0,-0.69,0.0,0,0,서울특별시 서대문구 이화여대5길 6,신촌동,37.558507,126.945447,100.0
MA0101202301A0088636,천진분식,분식,0.0,-0.51,34.78,0,0,서울특별시 서대문구 이화여대5길 7,신촌동,37.558324,126.945263,95.7
MA010120220812082877,아임요거트&아이스크림 이화점,카페,0.0,-0.2,0.0,0,0,서울특별시 서대문구 이화여대5길 9,신촌동,37.558243,126.945126,100.0
MA010120220802054670,커피도가 헤리티지 신촌이대점,카페,0.0,0.09,16.0,0,0,서울특별시 서대문구 이화여대5길 9,신촌동,37.558243,126.945126,92.0
MA010120220807432876,사장님돈까스 이화여대점,서양식,0.0,-0.2,32.81,0,0,서울특별시 서대문구 이화여대7길 11,신촌동,37.558625,126.945041,98.4
MA010120220800600409,아마스빈 이대점,카페,0.0,-0.51,57.5,0,0,서울특별시 서대문구 이화여대7길 11,신촌동,37.558625,126.945041,95.0
MA010120220800087173,라이프커피컴퍼니,카페,0.0,-0.56,14.29,0,0,서울특별시 서대문구 이화여대7길 14,신촌동,37.558827,126.944954,100.0
MA010120220802958210,이름없는파스타 이화여대점,서양식,0.0,-0.53,22.22,0,0,서울특별시 서대문구 이화여대7길 14,신촌동,37.558827,126.944954,100.0
MA010120220803849237,커피마마 이대점,카페,0.0,0.0,0.0,0,0,서울특별시 서대문구 이화여대7길 14,신촌동,37.558827,126.944954,0.0
MA010120220809299498,따띠삼겹 이대점,한식,0.0,-0.2,0.0,0,0,서울특별시 서대문구 이화여대7길 15,신촌동,37.558652,126.944793,100.0
MA010120220814312436,신참떡볶이 이대점,분식,0.0,-0.5,14.29,0,0,서울특별시 서대문구 이화여대7길 15,신촌동,37.558652,126.944793,100.0
MA010120220800594945,이삭토스트 이화여대점,카페,0.0,0.53,51.72,0,0,서울특별시 서대문구 이화여대7길 15,신촌동,37.558652,126.944793,100.0
MA010120220804769252,피자스쿨 이대점,패스트푸드,0.0,-0.5,62.5,0,0,서울특별시 서대문구 이화여대7길 15,신촌동,37.558652,126.944793,100.0
MA010120220800569215,디델리 이대점,분식,0.0,-0.62,16.67,0,0,서울특별시 서대문구 이화여대7길 16,신촌동,37.558798,126.944685,100.0
MA010120220814064076,돈카춘 이대점,서양식,0.0,1.0,50.0,0,0,서울특별시 서대문구 이화여대7길 20-5,신촌동,37.558988,126.944465,100.0
MA010120220800611217,시나위,주점,0.0,0.0,0.0,0,0,서울특별시 서대문구 이화여대7길 22,신촌동,37.558883,126.944463,0.0
MA010120220800579997,너스레,주점,0.0,-0.43,8.33,0,0,서울특별시 서대문구 이화여대7길 22,신촌동,37.558883,126.944463,100.0
MA010120220800339061,원조신촌닭갈비,한식,0.0,0.0,0.0,0,0,서울특별시 서대문구 이화여대7길 24,신촌동,37.558845,126.944282,0.0
MA010120220803108224,카페아늑,카페,0.0,-0.62,0.0,0,0,서울특별시 서대문구 이화여대7길 27-4,신촌동,37.558547,126.944095,100.0
MA010120220812841261,쏙만두,분식,0.0,1.0,0.0,0,0,서울특별시 서대문구 이화여대7길 29,신촌동,37.558606,126.943987,100.0
MA010120220808639676,신화장,중식,0.0,-0.43,25.0,0,0,서울특별시 서대문구 이화여대7길 30,신촌동,37.558832,126.943903,100.0
MA0101202210A0091227,108장 마라탕,중식,0.0,-0.74,20.0,0,0,서울특별시 서대문구 이화여대7길 30,신촌동,37.558832,126.943903,100.0
MA010120220800611265,김가네김밥 이대점,분식,0.0,0.89,58.33,0,0,서울특별시 서대문구 이화여대7길 30,신촌동,37.558832,126.943903,97.2
MA010120220812809316,베러댄와플 이화여대점,카페,0.0,-0.71,25.0,0,0,서울특별시 서대문구 이화여대7길 35,신촌동,37.558605,126.943696,100.0
MA010120220814181050,더숲키친,일식,0.0,-0.71,0.0,0,0,서울특별시 서대문구 이화여대7길 37,신촌동,37.558541,126.943633,100.0
MA010120220813403524,청년순대국 이화여대점,한식,0.0,-0.7,33.33,0,0,서울특별시 서대문구 이화여대8길 11,신촌동,37.558848,126.946403,83.3
MA010120220800563961,불밥 이대본점,한식,0.0,-0.62,37.5,0,0,서울특별시 서대문구 이화여대8길 11,신촌동,37.558848,126.946403,100.0
MA010120220807021864,구구족 이대점,한식,0.0,-0.06,12.9,0,0,서울특별시 서대문구 이화여대8길 2,신촌동,37.558648,126.945918,96.8
MA010120220812618294,라티노커피 이대점,카페,0.0,-0.58,10.0,0,0,서울특별시 서대문구 이화여대8길 2,신촌동,37.558648,126.945918,100.0
MA010120220805371852,매머드익스프레스 이대점,카페,0.0,-0.45,66.67,0,0,서울특별시 서대문구 이화여대8길 2,신촌동,37.558648,126.945918,97.6
MA0101202212A0097323,누들김밥 이대점,분식,0.0,-0.37,47.06,0,0,서울특별시 서대문구 이화여대8길 2,신촌동,37.558648,126.945918,100.0
MA010120220808339053,인생식당,한식,0.0,0.18,7.69,0,0,서울특별시 서대문구 이화여대8길 3,신촌동,37.558871,126.946071,100.0
MA0101202211A0084344,카페자리,카페,0.0,5.0,0.0,0,0,서울특별시 서대문구 이화여대8길 3,신촌동,37.558871,126.946071,100.0
MA010120220806851648,플라페,카페,0.0,-0.53,84.52,0,0,서울특별시 서대문구 이화여대길 1,신촌동,37.557123,126.945688,98.8
MA010120220803231740,세아마라탕,중식,0.0,-0.4,0.0,0,0,서울특별시 서대문구 이화여대길 16,신촌동,37.557591,126.946013,100.0
MA010120220806763753,맛있는식사,한식,0.0,1.0,0.0,0,0,서울특별시 서대문구 이화여대길 24,신촌동,37.557897,126.945966,100.0
MA010120220814377754,에그 앤드 스푼레이스,서양식,0.0,-0.69,0.0,0,0,서울특별시 서대문구 이화여대길 26,신촌동,37.55799,126.946035,100.0
MA010120220800596158,전골떡볶이 덕미가 이대본점,분식,0.0,-0.38,7.69,0,0,서울특별시 서대문구 이화여대길 26,신촌동,37.55799,126.946035,92.3
MA010120220800757075,이디야커피 이화여대점,카페,0.0,-0.52,40.0,0,0,서울특별시 서대문구 이화여대길 26,신촌동,37.55799,126.946035,100.0
MA010120220802506825,산타비,분식,0.0,-0.83,0.0,0,0,서울특별시 서대문구 이화여대길 26,신촌동,37.55799,126.946035,100.0
MA010120220800398537,포크라이언 커피,카페,0.0,-0.5,0.0,0,0,서울특별시 서대문구 이화여대길 27,신촌동,37.558132,126.945628,100.0
MA010120220803141207,Quid,주점,0.0,0.0,0.0,0,0,서울특별시 서대문구 이화여대길 28,신촌동,37.558137,126.945929,100.0
MA010120220803884065,치킨더홈 서울이대점,패스트푸드,0.0,3.0,0.0,0,0,서울특별시 서대문구 이화여대길 29,신촌동,37.55829,126.945626,100.0
MA010120220809296865,아리랑노점 이대본점,한식,0.0,0.0,0.0,0,0,서울특별시 서대문구 이화여대길 33,신촌동,37.558461,126.945623,0.0
MA010120220800111125,북카페파오,카페,0.0,-0.8,0.0,0,0,서울특별시 서대문구 이화여대길 34,신촌동,37.558454,126.945945,100.0
MA0101202209A0095543,리화인아이스크림와플,카페,0.0,0.11,50.0,0,0,서울특별시 서대문구 이화여대길 37,신촌동,37.558623,126.94555,100.0
MA010120220808574231,쥬씨 이대점,카페,0.0,-0.68,16.67,0,0,서울특별시 서대문구 이화여대길 42,신촌동,37.558873,126.945854,91.7
MA010120220801524284,씨유그릭,카페,0.0,0.02,59.18,0,0,서울특별시 서대문구 이화여대길 42,신촌동,37.558873,126.945854,98.0
MA0101202302A0026660,모센즈스위트 이대점,카페,0.0,-0.49,4.35,0,0,서울특별시 서대문구 이화여대길 43,신촌동,37.558833,126.945477,100.0
MA010120220800600193,장군찜닭,한식,0.0,-0.29,20.0,0,0,서울특별시 서대문구 이화여대길 45,신촌동,37.55895,126.945559,100.0
MA010120220805511562,팔공티 이대점,카페,0.0,-0.48,56.82,0,0,서울특별시 서대문구 이화여대길 48,신촌동,37.55906,126.945883,97.7
MA010120220811724523,공차 이대익스프레스점,카페,0.0,-0.63,5.88,0,0,서울특별시 서대문구 이화여대길 48,신촌동,37.55906,126.945883,100.0
MA010120220804969002,신룽푸마라탕 이대점,중식,0.0,-0.25,41.67,0,0,서울특별시 서대문구 이화여대길 48,신촌동,37.55906,126.945883,100.0
MA010120220800595655,the Panini,카페,0.0,-0.5,0.0,0,0,서울특별시 서대문구 이화여대길 50-10,신촌동,37.559074,126.946286,100.0
MA010120220805382257,소오밥집,일식,0.0,-0.4,44.44,0,0,서울특별시 서대문구 이화여대길 50-10,신촌동,37.559074,126.946286,100.0
MA010120220803247828,스윗드로우 케이크,카페,0.0,0.0,0.0,0,0,서울특별시 서대문구 이화여대길 52-11,신촌동,37.559332,126.945119,0.0
MA010120220811982063,고스트요거트 이대점,카페,0.0,-0.57,22.73,0,0,서울특별시 서대문구 이화여대길 52-15,신촌동,37.559319,126.944865,100.0
MA010120220800554691,참참참,분식,0.0,-0.36,55.56,0,0,서울특별시 서대문구 이화여대길 52-31,신촌동,37.559439,126.944725,100.0
MA010120220800594420,앨리스,카페,0.0,0.0,25.0,0,0,서울특별시 서대문구 이화여대길 52-31,신촌동,37.559439,126.944725,100.0
MA010120220802964354,Dana Bakeshop,카페,0.0,-0.4,0.0,0,0,서울특별시 서대문구 이화여대길 52-33,신촌동,37.559458,126.944849,100.0
MA010120220804951963,리또리또,동남아시아,0.0,-0.63,28.57,0,0,서울특별시 서대문구 이화여대길 52-33,신촌동,37.559458,126.944849,100.0
MA010120220812400468,돈천동식당,일식,0.0,-0.7,44.44,0,0,서울특별시 서대문구 이화여대길 52-35,신촌동,37.559476,126.944974,100.0
MA010120220813164764,veganique,카페,0.0,-0.11,0.0,0,0,서울특별시 서대문구 이화여대길 52-35,신촌동,37.559476,126.944974,87.5
MA010120220813583393,낮과밤,주점,0.0,-0.36,28.57,0,0,서울특별시 서대문구 이화여대길 52-35,신촌동,37.559476,126.944974,100.0
MA010120220806425322,갈라파라멘 정성드림,일식,0.0,0.0,0.0,0,0,서울특별시 서대문구 이화여대길 52-39,신촌동,37.559471,126.945145,100.0
MA010120220800602181,청년밥상문간 이화여자대학교점,한식,0.0,-0.18,21.43,0,0,서울특별시 서대문구 이화여대길 52-39,신촌동,37.559471,126.945145,100.0
MA010120220805163239,카페페라유니크,카페,0.0,-0.35,5.88,0,0,서울특별시 서대문구 이화여대길 52-45,신촌동,37.559462,126.945363,88.2
MA010120220802508713,여래여거,일식,0.0,0.67,30.0,0,0,서울특별시 서대문구 이화여대길 56-3,신촌동,37.559339,126.945231,90.0
MA010120220805953461,와플덴 이대정문점,패스트푸드,0.0,-0.33,0.0,0,0,서울특별시 서대문구 이화여대길 58,신촌동,37.55927,126.945241,100.0
MA010120220806523856,할리스 이대점,카페,0.0,-0.65,23.53,0,0,서울특별시 서대문구 이화여대길 59,신촌동,37.558987,126.945159,100.0
MA010120220807064192,롯데리아 이대점,패스트푸드,0.0,0.16,41.86,0,0,서울특별시 서대문구 이화여대길 59,신촌동,37.558987,126.945159,98.8
MA010120220814278735,전티마이베트남쌀국수 이화여대점,동남아시아,0.0,-0.69,50.0,0,0,서울특별시 서대문구 이화여대길 59,신촌동,37.558987,126.945159,100.0
MA010120220812815107,파리바게뜨 카페이대역점,카페,0.0,0.1,65.62,0,0,서울특별시 서대문구 이화여대길 6,신촌동,37.557203,126.94601,93.8
MA010120220800553550,파가니니,주점,0.0,-0.5,0.0,0,0,서울특별시 서대문구 이화여대길 63,신촌동,37.559052,126.944919,100.0
MA010120220804429836,지지고 이대점,한식,0.0,-0.19,38.46,0,0,서울특별시 서대문구 이화여대길 64,신촌동,37.559233,126.944872,100.0
MA010120220805300315,유,중식,0.0,-0.59,33.33,0,0,서울특별시 서대문구 이화여대길 65-3,신촌동,37.55894,126.944925,100.0
MA010120220806864404,카페봄봄 이화여대점,카페,0.0,0.43,30.0,0,0,서울특별시 서대문구 이화여대길 7,신촌동,37.557239,126.945645,100.0
MA010120220809791149,투썸플레이스 이대역점,카페,0.0,-0.37,30.26,0,0,서울특별시 서대문구 이화여대길 7,신촌동,37.557239,126.945645,93.4
MA010120220813331038,파란상자,카페,0.0,0.0,0.0,0,0,서울특별시 서대문구 이화여대길 72-4,신촌동,37.55933,126.944537,0.0
MA010120220813227928,의원상 이대점,중식,0.0,0.29,22.22,0,0,서울특별시 서대문구 이화여대길 72-5,신촌동,37.559459,126.944375,100.0
MA010120220807405364,카페HE,카페,0.0,0.4,28.57,0,0,서울특별시 서대문구 이화여대길 72-6,신촌동,37.559441,126.944574,100.0
MA010120220811706692,굿바이슈가베어 포케&샐러드,분식,0.0,-0.33,62.5,0,0,서울특별시 서대문구 이화여대길 72-6,신촌동,37.559441,126.944574,100.0
MA0101202211A0100281,햅윗버터,카페,0.0,0.0,0.0,0,0,서울특별시 서대문구 이화여대길 72-6,신촌동,37.559441,126.944574,100.0
MA010120220804867487,우리집식당,한식,0.0,0.0,0.0,0,0,서울특별시 서대문구 이화여대길 72-6,신촌동,37.559441,126.944574,0.0
MA010120220810236516,꽃피다이화다방,카페,0.0,0.43,20.0,0,0,서울특별시 서대문구 이화여대길 75,신촌동,37.559014,126.944305,100.0
MA010120220805954544,육쌈냉면 이대점,한식,0.0,0.33,12.5,0,0,서울특별시 서대문구 이화여대길 76,신촌동,37.559316,126.944287,100.0
MA010120220800580145,벨라프라하,카페,0.0,0.27,14.29,0,0,서울특별시 서대문구 이화여대길 77,신촌동,37.559085,126.944161,100.0
MA010120220812024024,비아37,서양식,0.0,-0.15,32.61,0,0,서울특별시 서대문구 이화여대길 77-1,신촌동,37.558961,126.944138,97.8
MA010120220803272381,화명당마라탕,중식,0.0,-0.73,22.22,0,0,서울특별시 서대문구 이화여대길 78,신촌동,37.559273,126.944165,100.0
MA010120220811751808,플로루스,카페,0.0,-0.5,0.0,0,0,서울특별시 서대문구 이화여대길 88-11,신촌동,37.559349,126.943705,100.0
MA010120220809807752,팜스힐,카페,0.0,-0.75,0.0,0,0,서울특별시 서대문구 이화여대길 88-12,신촌동,37.559408,126.94399,100.0
MA0101202302A0054845,동화소,한식,0.0,0.0,0.0,0,0,서울특별시 서대문구 이화여대길 88-12,신촌동,37.559408,126.94399,0.0
MA010120220812300944,치즈문,주점,0.0,0.0,0.0,0,0,서울특별시 서대문구 이화여대길 88-13,신촌동,37.559385,126.943821,100.0
MA010120220808708449,멜브라운 미트파이,한식,0.0,0.0,0.0,0,0,서울특별시 서대문구 이화여대길 88-15,신촌동,37.55947,126.943777,100.0
MA010120220811864741,이 세계는 놀이터예요,한식,0.0,0.0,100.0,0,0,서울특별시 서대문구 이화여대길 88-15,신촌동,37.55947,126.943777,100.0
MA010120220803042906,카페코지 이화여대점,카페,0.0,-0.2,12.5,0,0,서울특별시 서대문구 이화여대길 88-19,신촌동,37.559501,126.943955,87.5
MA010120220804691966,파티션 WSC,카페,0.0,0.0,0.0,0,0,서울특별시 서대문구 이화여대길 88-9,신촌동,37.559341,126.943603,0.0
MA010120220805955825,두끼 이대점,분식,0.0,-0.41,23.08,0,0,서울특별시 서대문구 이화여대길 89,신촌동,37.558994,126.943418,88.5
MA010120220810265682,홀리몰리,한식,0.0,-0.56,14.29,0,0,서울특별시 서대문구 명물1길 16,신촌동,37.558218,126.937336,100.0
MA010120220800639972,한옥숯불돼지갈비,한식,0.0,-0.4,0.0,0,0,서울특별시 서대문구 명물1길 18,신촌동,37.558326,126.937324,100.0
MA010120220806459050,야마노라멘,일식,0.0,0.0,50.0,0,0,서울특별시 서대문구 명물1길 2,신촌동,37.558049,126.937338,100.0
MA010120220806991320,별당김치찜,한식,0.0,0.0,0.0,0,0,서울특별시 서대문구 명물1길 2,신촌동,37.558049,126.937338,0.0
MA010120220810426842,4층불고기,한식,0.0,0.0,0.0,0,0,서울특별시 서대문구 명물1길 2,신촌동,37.558049,126.937338,0.0
MA010120220800579864,정승찬임대사업,카페,0.0,1.0,0.0,0,0,서울특별시 서대문구 명물1길 2,신촌동,37.558049,126.937338,100.0
MA010120220811824024,롤링파스타 신촌점,서양식,0.0,0.07,9.68,0,0,서울특별시 서대문구 명물길 10,신촌동,37.557419,126.937522,93.5
MA010120220804934065,3F CAFE,카페,0.0,-0.59,0.0,0,0,서울특별시 서대문구 명물길 10,신촌동,37.557419,126.937522,94.1
MA010120220813878091,대구삼겹살,한식,0.0,-0.5,33.33,0,0,서울특별시 서대문구 명물길 18,신촌동,37.557681,126.937847,100.0
MA010120220805341587,버블티킹 신촌점,카페,0.0,-0.5,0.0,0,0,서울특별시 서대문구 명물길 19,신촌동,37.558193,126.937506,100.0
MA010120220800557729,카페나무,카페,0.0,0.07,6.98,0,0,서울특별시 서대문구 명물길 2,신촌동,37.55721,126.937229,95.3
MA010120220812885599,싸움의고수 신촌점,한식,0.0,-0.18,39.29,0,0,서울특별시 서대문구 명물길 20,신촌동,37.557744,126.937927,96.4
MA010120220814051509,교촌치킨 신촌점,패스트푸드,0.0,-0.42,22.22,0,0,서울특별시 서대문구 명물길 21,신촌동,37.558076,126.937717,100.0
MA010120220812242194,포가레 신촌점,동남아시아,0.0,-0.79,9.52,0,0,서울특별시 서대문구 명물길 26,신촌동,37.557888,126.938258,95.2
MA010120220800589054,홍콩반점0410 신촌2호점,중식,0.0,-0.1,19.44,0,0,서울특별시 서대문구 명물길 26,신촌동,37.557888,126.938258,94.4
MA010120220809580916,소도적,한식,0.0,-0.38,12.5,0,0,서울특별시 서대문구 명물길 27-13,신촌동,37.558777,126.93798,87.5
MA010120220806923282,봉추찜닭 신촌점,한식,0.0,-0.47,0.0,0,0,서울특별시 서대문구 명물길 27-23,신촌동,37.558689,126.938447,87.5
MA010120220800588626,러프2,주점,0.0,0.0,0.0,0,0,서울특별시 서대문구 명물길 27-23,신촌동,37.558689,126.938447,0.0
MA010120220801336301,제주돈1848,한식,0.0,3.0,0.0,0,0,서울특별시 서대문구 명물길 27-7,신촌동,37.558447,126.93764,75.0
MA0101202301A0105088,백소정 신촌점,일식,0.0,0.0,5.76,0,0,서울특별시 서대문구 명물길 27-9,신촌동,37.558549,126.937757,99.8
MA010120220804946668,코다차야 신촌점,주점,0.0,-0.32,11.76,0,0,서울특별시 서대문구 명물길 32,신촌동,37.558042,126.938447,100.0
MA010120220800097594,올그릭투미,서양식,0.0,-0.57,0.0,0,0,서울특별시 서대문구 명물길 34,신촌동,37.558193,126.938501,100.0
MA010120220800556453,맛있는순두부&김치찜,한식,0.0,-0.25,21.43,0,0,서울특별시 서대문구 명물길 36,신촌동,37.558271,126.938645,88.1
MA010120220810234211,시오램,한식,0.0,-0.85,50.0,0,0,서울특별시 서대문구 명물길 36-4,신촌동,37.558131,126.938577,100.0
MA010120220813719284,짚신매운갈비찜 신촌점,한식,0.0,0.4,14.29,0,0,서울특별시 서대문구 명물길 36-4,신촌동,37.558131,126.938577,100.0
MA010120220811718807,행복은간장밥 신촌명물거리점,한식,0.0,0.14,20.0,0,0,서울특별시 서대문구 명물길 36-6,신촌동,37.558081,126.938657,92.0
MA010120220800147141,피자보이시나 신촌점,패스트푸드,0.0,-0.31,18.18,0,0,서울특별시 서대문구 명물길 36-7,신촌동,37.558117,126.938884,100.0
MA010120220811737908,오렌지룸 신촌점,주점,0.0,-0.57,0.0,0,0,서울특별시 서대문구 명물길 37,신촌동,37.558579,126.938177,100.0
MA010120220812705871,양꽃 오마카세 신촌점,한식,0.0,-0.65,5.56,0,0,서울특별시 서대문구 명물길 37,신촌동,37.558579,126.938177,94.4
MA010120220805535476,홍콩식당 태흥빙실,중식,0.0,-0.41,0.0,0,0,서울특별시 서대문구 명물길 41,신촌동,37.55867,126.938594,92.3
MA010120220800558542,봉구비어 신촌명물거리2호점,주점,0.0,-0.25,22.22,0,0,서울특별시 서대문구 명물길 41,신촌동,37.55867,126.938594,100.0
MA010120220800559455,어머니가 구워주신 생선구이,한식,0.0,0.0,0.0,0,0,서울특별시 서대문구 명물길 42,신촌동,37.558491,126.938945,0.0
MA010120220800895598,명물갈비,한식,0.0,-0.43,25.0,0,0,서울특별시 서대문구 명물길 43-3,신촌동,37.558793,126.938483,100.0
MA010120220800639932,섬진강민물장어,한식,0.0,0.0,0.0,0,0,서울특별시 서대문구 명물길 45-4,신촌동,37.558856,126.938634,100.0
MA010120220800565652,"육회, 꽃피다",한식,0.0,0.0,0.0,0,0,서울특별시 서대문구 명물길 46,신촌동,37.558535,126.939086,100.0
MA010120220803111512,마포등심,한식,0.0,0.0,50.0,0,0,서울특별시 서대문구 명물길 46,신촌동,37.558535,126.939086,100.0
MA010120220809411112,태백산맥,한식,0.0,-0.4,33.33,0,0,서울특별시 서대문구 명물길 46-5,신촌동,37.558451,126.939216,100.0
MA010120220800559021,신계치라면,분식,0.0,0.0,0.0,0,0,서울특별시 서대문구 명물길 47,신촌동,37.558876,126.93889,100.0
MA010120220813285183,가빈카페,카페,0.0,-0.18,28.57,0,0,서울특별시 서대문구 명물길 49,신촌동,37.558911,126.938912,100.0
MA010120220800600697,양,중식,0.0,1.0,50.0,0,0,서울특별시 서대문구 명물길 49,신촌동,37.558911,126.938912,100.0
MA010120220814312456,홍곱창 신촌점,한식,0.0,0.0,12.5,0,0,서울특별시 서대문구 명물길 50-4,신촌동,37.558555,126.939181,100.0
MA0101202302A0094110,그레인바운더리 신촌점,카페,0.0,0.0,5.56,0,0,서울특별시 서대문구 명물길 50-6,신촌동,37.558542,126.939335,100.0
MA010120220800568433,신미불닭발,한식,0.0,-0.62,33.33,0,0,서울특별시 서대문구 명물길 50-8,신촌동,37.558593,126.93941,100.0
MA010120220808223808,영월다한우,한식,0.0,0.0,0.0,0,0,서울특별시 서대문구 명물길 59,신촌동,37.559175,126.93939,0.0
MA010120220808028883,휴카페,카페,0.0,1.0,0.0,0,0,서울특별시 서대문구 명물길 6,신촌동,37.55731,126.937405,50.0
MA010120220802283256,화로상회 신촌점,한식,0.0,-0.52,35.71,0,0,서울특별시 서대문구 명물길 62,신촌동,37.558662,126.939756,100.0
MA010120220801785130,명륜진사갈비 서울신촌점,한식,0.0,1.0,9.09,0,0,서울특별시 서대문구 명물길 63,신촌동,37.559248,126.939565,100.0
MA010120220804825756,엠아이스위트,카페,0.0,0.6,12.5,0,0,서울특별시 서대문구 명물길 66,신촌동,37.55888,126.93987,100.0
MA010120220804401647,김광석신촌칼국수 이대직영점,한식,0.0,-0.23,4.17,0,0,서울특별시 서대문구 명물길 70,신촌동,37.558871,126.94007,100.0
MA010120220809993703,배떡 신촌점,분식,0.0,-0.4,33.33,0,0,서울특별시 서대문구 명물길 76-5,신촌동,37.558796,126.940565,100.0
MA010120220806992144,라플로르,서양식,0.0,7.0,37.5,0,0,서울특별시 서대문구 봉원사2길 2,신촌동,37.567551,126.946508,100.0
MA010120220800582457,가마골,한식,0.0,0.0,75.0,0,0,서울특별시 서대문구 봉원사길 75-7,신촌동,37.570285,126.945638,100.0
MA010120220811892145,코피발리,카페,0.0,0.0,0.0,0,0,서울특별시 서대문구 봉원사길 8,신촌동,37.567109,126.946712,0.0
MA010120220813859396,걸작떡볶이치킨 신촌점,분식,0.0,-0.67,0.0,0,0,서울특별시 서대문구 성산로 406,신촌동,37.561103,126.932488,100.0
MA010120220800579717,목포집,한식,0.0,0.0,0.0,0,0,서울특별시 서대문구 성산로 486,신촌동,37.560726,126.941266,0.0
MA010120220809744262,카페슬래시,카페,0.0,0.71,25.0,0,0,서울특별시 서대문구 성산로 519,신촌동,37.563263,126.943425,100.0
MA010120220813058504,대치영지,한식,0.0,-0.39,5.88,0,0,서울특별시 서대문구 성산로 519,신촌동,37.563263,126.943425,94.1
MA010120220814163588,더블유루프탑,주점,0.0,0.0,0.0,0,0,서울특별시 서대문구 성산로 519,신촌동,37.563263,126.943425,100.0
MA010120220800608820,이화당제과,카페,0.0,-0.33,33.33,0,0,서울특별시 서대문구 성산로 521,신촌동,37.56331,126.943681,94.4
MA010120220808910640,파리바게뜨 연대이화점,카페,0.0,-0.21,18.18,0,0,서울특별시 서대문구 성산로 523,신촌동,37.563478,126.943893,95.5
MA010120220812118767,삼진식당,한식,0.0,-0.33,35.71,0,0,서울특별시 서대문구 성산로 527,신촌동,37.563776,126.944091,85.7
MA010120220800566652,함평면옥,한식,0.0,0.25,0.0,0,0,서울특별시 서대문구 성산로 527,신촌동,37.563776,126.944091,40.0
MA010120220800552873,예스터데이,주점,0.0,0.0,0.0,0,0,서울특별시 서대문구 성산로 531,신촌동,37.563948,126.944503,100.0
MA010120220804245072,아키,일식,0.0,-0.4,33.33,0,0,서울특별시 서대문구 성산로 531,신촌동,37.563948,126.944503,100.0
MA010120220800595631,예소원,한식,0.0,-0.64,0.0,0,0,서울특별시 서대문구 성산로 535,신촌동,37.564396,126.944802,100.0
MA010120220800609768,다미손칼국수,분식,0.0,-0.55,50.0,0,0,서울특별시 서대문구 성산로 537,신촌동,37.56433,126.944922,100.0
MA010120220803733841,화가와요리사,한식,0.0,-0.33,20.0,0,0,서울특별시 서대문구 성산로 539,신촌동,37.564429,126.945003,90.0
MA0101202301A0002457,스튜디오웝,카페,0.0,-0.44,40.0,0,0,서울특별시 서대문구 성산로 539,신촌동,37.564429,126.945003,100.0
MA010120220805448648,꼬뜨 레스토랑,서양식,0.0,-0.75,100.0,0,0,서울특별시 서대문구 성산로 543,신촌동,37.564847,126.945297,100.0
MA010120220806893464,헐리우드,서양식,0.0,-0.32,80.0,0,0,서울특별시 서대문구 성산로 551,신촌동,37.565323,126.945664,100.0
MA010120220800590005,존재의 이유,한식,0.0,-0.32,53.85,0,0,서울특별시 서대문구 성산로 553,신촌동,37.56552,126.945815,100.0
MA010120220806658726,밥은먹었어,한식,0.0,0.0,0.0,0,0,서울특별시 서대문구 성산로22길 10,신촌동,37.560248,126.933576,0.0
MA010120220812034604,김사부 브런치&지엔빙,중식,0.0,1.0,87.5,0,0,서울특별시 서대문구 성산로22길 2-5,신촌동,37.560704,126.933017,100.0
MA010120220802283426,처갓집양념치킨 신촌점,패스트푸드,0.0,-0.67,0.0,0,0,서울특별시 서대문구 성산로22길 36,신촌동,37.559308,126.934276,100.0
MA010120220804759479,카페달빛,카페,0.0,-0.5,0.0,0,0,서울특별시 서대문구 성산로22길 4,신촌동,37.56039,126.933329,100.0
MA010120220812486152,홍대24시스파 스낵,분식,0.0,-0.57,0.0,0,0,서울특별시 서대문구 신촌로 1,신촌동,37.558875,126.927396,100.0
MA010120220807436932,비니네샐러드,한식,0.0,0.0,0.0,0,0,서울특별시 서대문구 신촌로 109,신촌동,37.555889,126.938151,0.0
MA010120220800602899,카페 시크릿,카페,0.0,-0.91,0.0,0,0,서울특별시 서대문구 신촌로 109,신촌동,37.555889,126.938151,100.0
MA010120220800590196,탐앤탐스 신촌로터리점,카페,0.0,-0.03,37.84,0,0,서울특별시 서대문구 신촌로 109,신촌동,37.555889,126.938151,97.3
MA010120220800587468,남도밥상,한식,0.0,0.12,11.11,0,0,서울특별시 서대문구 신촌로 11-5,신촌동,37.558665,126.928274,100.0
MA010120220800578917,무사시,일식,0.0,0.11,42.86,0,0,서울특별시 서대문구 신촌로 125,신촌동,37.556308,126.939762,100.0
MA010120220804573449,신촌해물칼국수,한식,0.0,-0.33,0.0,0,0,서울특별시 서대문구 신촌로 125,신촌동,37.556308,126.939762,100.0
MA010120220806987328,싸다김밥 신촌점,분식,0.0,0.12,40.54,0,0,서울특별시 서대문구 신촌로 127,신촌동,37.556463,126.939993,97.3
MA010120220800561737,종로김밥 신촌역점,분식,0.0,-0.1,33.33,0,0,서울특별시 서대문구 신촌로 127,신촌동,37.556463,126.939993,100.0
MA010120220806520559,청년다방 신촌점,분식,0.0,-0.42,14.29,0,0,서울특별시 서대문구 신촌로 139,신촌동,37.556775,126.941327,92.9
MA010120220813190034,고피자 신촌1호점,패스트푸드,0.0,-0.09,4.76,0,0,서울특별시 서대문구 신촌로 139-1,신촌동,37.556773,126.941439,100.0
MA010120220813674766,레이지리자드,주점,0.0,0.0,0.0,0,0,서울특별시 서대문구 신촌로 141,신촌동,37.556863,126.941574,100.0
MA010120220800565845,리버트리커피,카페,0.0,13.6,38.36,0,0,서울특별시 서대문구 신촌로 141,신촌동,37.556863,126.941574,100.0
MA010120220802889441,쿠리야,일식,0.0,0.0,100.0,0,0,서울특별시 서대문구 신촌로 141,신촌동,37.556863,126.941574,100.0
MA010120220809367531,투다리 이대점,주점,0.0,-0.5,0.0,0,0,서울특별시 서대문구 신촌로 149,신촌동,37.556954,126.94246,100.0
MA010120220800625129,팔색콩불,한식,0.0,-0.29,50.0,0,0,서울특별시 서대문구 신촌로 149,신촌동,37.556954,126.94246,100.0
MA010120220813485595,포원제로 버거 신촌,패스트푸드,0.0,0.0,0.0,0,0,서울특별시 서대문구 신촌로 149,신촌동,37.556954,126.94246,0.0
MA010120220803905495,롯데리아 창천점,패스트푸드,0.0,0.0,0.0,0,0,서울특별시 서대문구 신촌로 15,신촌동,37.558267,126.928735,0.0
MA010120220808826529,돈까스대왕전 이대점,서양식,0.0,0.11,39.74,0,0,서울특별시 서대문구 신촌로 155,신촌동,37.556941,126.943245,100.0
MA010120220809920253,라운딩,주점,0.0,0.0,0.0,0,0,서울특별시 서대문구 신촌로 155,신촌동,37.556941,126.943245,100.0
MA010120220814298339,피자클럽,패스트푸드,0.0,0.12,0.0,0,0,서울특별시 서대문구 신촌로 157,신촌동,37.55693,126.943615,94.7
MA010120220811793802,맘스터치 이대점,패스트푸드,0.0,-0.21,49.38,0,0,서울특별시 서대문구 신촌로 169-1,신촌동,37.556941,126.944756,96.3
MA010120220805013174,체셔캣,카페,0.0,4.0,20.0,0,0,서울특별시 서대문구 신촌로 169-7,신촌동,37.55711,126.944525,80.0
MA010120220808037913,주막보리밥,한식,0.0,-0.28,22.22,0,0,서울특별시 서대문구 신촌로 17,신촌동,37.5582,126.929009,100.0
MA010120220810490728,카페마지오,카페,0.0,-0.31,18.18,0,0,서울특별시 서대문구 신촌로 171,신촌동,37.556947,126.945001,100.0
MA010120220802502144,배스킨라빈스 이대역,카페,0.0,-0.06,55.88,0,0,서울특별시 서대문구 신촌로 173-1,신촌동,37.556989,126.945289,97.1
MA010120220804843709,공차 이대역점,카페,0.0,-0.05,26.32,0,0,서울특별시 서대문구 신촌로 173-2,신촌동,37.55698,126.945346,100.0
MA010120220812493108,신촌정직한족발,한식,0.0,0.0,0.0,0,0,서울특별시 서대문구 신촌로 189,신촌동,37.557177,126.946983,0.0
MA010120220812161279,메가MGC커피 창천점,카페,0.0,-0.4,43.08,0,0,서울특별시 서대문구 신촌로 19,신촌동,37.558163,126.929174,92.3
MA010120220804898837,라마커피,카페,0.0,0.67,20.0,0,0,서울특별시 서대문구 신촌로 197,신촌동,37.557225,126.947953,100.0
MA010120220800220388,북카페/서점 피터캣,카페,0.0,0.0,0.0,0,0,서울특별시 서대문구 신촌로 21,신촌동,37.558064,126.929285,100.0
MA010120220812951260,포텅즈,한식,0.0,0.0,0.0,0,0,서울특별시 서대문구 신촌로 25,신촌동,37.557999,126.929633,83.3
MA010120220812684991,순살만공격 마포신촌점,패스트푸드,0.0,-0.83,100.0,0,0,서울특별시 서대문구 신촌로 31,신촌동,37.557716,126.930183,100.0
MA010120220812726726,사워도우 랩,카페,0.0,0.88,66.67,0,0,서울특별시 서대문구 신촌로 39,신촌동,37.557434,126.931001,100.0
MA010120220802934541,7번가피자 신촌마포점,패스트푸드,0.0,-0.36,61.11,0,0,서울특별시 서대문구 신촌로 39,신촌동,37.557434,126.931001,100.0
MA0101202211A0091750,오늘닭강정 동교동삼거리점,패스트푸드,0.0,-0.47,36.84,0,0,서울특별시 서대문구 신촌로 5,신촌동,37.558682,126.927712,94.7
MA0101202211A0090992,대끼리 돈까스,서양식,0.0,1.18,9.09,0,0,서울특별시 서대문구 신촌로 51-1,신촌동,37.557076,126.932435,100.0
MA010120220803993212,잉치킨 신촌점,패스트푸드,0.0,-0.56,0.0,0,0,서울특별시 서대문구 신촌로 55,신촌동,37.556881,126.932553,100.0
MA0101202210A0025333,단데농,카페,0.0,-0.7,25.0,0,0,서울특별시 서대문구 신촌로 57,신촌동,37.55681,126.932936,100.0
MA010120220801764491,일품92하우스,한식,0.0,-0.88,0.0,0,0,서울특별시 서대문구 신촌로 57,신촌동,37.55681,126.932936,100.0
MA010120220806681307,연희김밥 신촌점,분식,0.0,-0.05,50.88,0,0,서울특별시 서대문구 신촌로 61-1,신촌동,37.556687,126.933316,100.0
MA0101202210A0068154,옥희네 떡볶이,분식,0.0,0.71,10.0,0,0,서울특별시 서대문구 신촌로 61-1,신촌동,37.556687,126.933316,98.6
MA010120220809623899,살롱드느루,주점,0.0,0.33,0.0,0,0,서울특별시 서대문구 신촌로 61-6,신촌동,37.556753,126.933512,100.0
MA010120220802865638,설맥 신촌점,주점,0.0,0.0,0.0,0,0,서울특별시 서대문구 신촌로 63,신촌동,37.556614,126.933758,100.0
MA0101202212A0046050,달리는커피 신촌역점,카페,0.0,-0.5,0.0,0,0,서울특별시 서대문구 신촌로 63,신촌동,37.556614,126.933758,100.0
MA010120220800665082,난향,중식,0.0,-0.26,29.41,0,0,서울특별시 서대문구 신촌로 67,신촌동,37.556508,126.934045,100.0
MA010120220807773009,피슈마라홍탕 신촌점,중식,0.0,-0.1,37.88,0,0,서울특별시 서대문구 신촌로 73,신촌동,37.556308,126.934521,100.0
MA010120220811992941,과일에반하다 프루타 신촌점,카페,0.0,-0.67,42.86,0,0,서울특별시 서대문구 신촌로 73,신촌동,37.556308,126.934521,100.0
MA010120220813213322,신촌오거리커피,카페,0.0,0.0,0.0,0,0,서울특별시 서대문구 신촌로 73,신촌동,37.556308,126.934521,0.0
MA0101202209A0071725,메가MGC커피 신촌로터리점,카페,0.0,0.02,39.22,0,0,서울특별시 서대문구 신촌로 75,신촌동,37.556142,126.93485,100.0
MA010120220806481772,101번지남산돈까스 현대백화점 신촌점,서양식,0.0,0.12,7.41,0,0,서울특별시 서대문구 신촌로 83,신촌동,37.556083,126.935845,88.9
MA010120220807134605,계백집 현대백화점 신촌점,한식,0.0,-0.09,10.0,0,0,서울특별시 서대문구 신촌로 83,신촌동,37.556083,126.935845,100.0
MA010120220809586156,백미당 현대백화점신촌점,카페,0.0,0.28,18.75,0,0,서울특별시 서대문구 신촌로 83,신촌동,37.556083,126.935845,96.9
MA010120220810306836,풍국면 현대백화점 신촌점,한식,0.0,-0.5,23.08,0,0,서울특별시 서대문구 신촌로 83,신촌동,37.556083,126.935845,76.9
MA010120220810456718,도넛킬러 현대백화점신촌점,카페,0.0,7.0,0.0,0,0,서울특별시 서대문구 연세로 13,신촌동,37.556738,126.93656,91.7
MA010120220811940763,롤러프레시,일식,0.0,2.0,0.0,0,0,서울특별시 서대문구 신촌로 83,신촌동,37.556083,126.935845,100.0
MA010120220812867564,마이도야 현대백화점신촌점,일식,0.0,-0.64,0.0,0,0,서울특별시 서대문구 신촌로 83,신촌동,37.556083,126.935845,100.0
MA010120220813855757,한강로칼국수 현대백화점 신촌점,한식,0.0,0.77,21.74,0,0,서울특별시 서대문구 신촌로 83,신촌동,37.556083,126.935845,100.0
MA010120220813541669,챔스빈커피 신촌점,카페,0.0,-0.32,6.67,0,0,서울특별시 서대문구 신촌로 87-12,신촌동,37.556054,126.936387,100.0
MA010120220800600549,이디야커피 신촌역점,카페,0.0,-0.05,43.42,0,0,서울특별시 서대문구 신촌로 87-20,신촌동,37.556424,126.936422,96.1
MA010120220800584307,항아리분식,분식,0.0,0.0,0.0,0,0,서울특별시 서대문구 신촌로 87-20,신촌동,37.556424,126.936422,100.0
MA010120220813542052,모카,주점,0.0,0.0,0.0,0,0,서울특별시 서대문구 신촌로 87-4,신촌동,37.555688,126.936237,0.0
MA010120220800568461,무교동낙지 신촌점,한식,0.0,-0.11,31.25,0,0,서울특별시 서대문구 신촌로 87-4,신촌동,37.555688,126.936237,100.0
MA010120220805061623,신촌브루스,카페,0.0,0.83,0.0,0,0,서울특별시 서대문구 신촌로 87-4,신촌동,37.555688,126.936237,100.0
MA010120220800589488,구씨네부엌,서양식,0.0,-0.05,10.53,0,0,서울특별시 서대문구 신촌로 9,신촌동,37.558533,126.928048,100.0
MA010120220803808742,이삭토스트 창천점,카페,0.0,0.6,68.75,0,0,서울특별시 서대문구 신촌로 9,신촌동,37.558533,126.928048,100.0
MA010120220811782267,잭아저씨족발&보쌈 홍대점,한식,0.0,-0.5,0.0,0,0,서울특별시 서대문구 신촌로11길 12,신촌동,37.557214,126.933005,100.0
MA0101202302A0083053,호루몬 우직,한식,0.0,0.0,0.0,0,0,서울특별시 서대문구 신촌로11길 12,신촌동,37.557214,126.933005,100.0
MA010120220800599971,더블루스,카페,0.0,0.0,0.0,0,0,서울특별시 서대문구 신촌로11길 25-39,신촌동,37.558271,126.933062,0.0
MA010120220808285669,민주네 김밥,분식,0.0,-0.33,50.0,0,0,서울특별시 서대문구 신촌로11길 35,신촌동,37.558258,126.933243,100.0
MA0101202301A0012968,포트캔커피 신촌점,카페,0.0,15.0,25.0,0,0,서울특별시 서대문구 신촌로11길 35,신촌동,37.558258,126.933243,93.8
MA010120220812109602,왓츠 유얼 컬러,패스트푸드,0.0,-0.62,65.0,0,0,서울특별시 서대문구 신촌로11길 35-7,신촌동,37.558371,126.933015,97.5
MA010120220800082029,아워즈,주점,0.0,1.4,0.0,0,0,서울특별시 서대문구 신촌로11길 35-7,신촌동,37.558371,126.933015,95.8
MA010120220806983849,마포닭사리,한식,0.0,0.0,0.0,0,0,서울특별시 서대문구 신촌로11길 57,신촌동,37.559016,126.934207,0.0
MA010120220811820604,카페리세 신촌점,카페,0.0,0.0,0.0,0,0,서울특별시 서대문구 신촌로11길 61,신촌동,37.559081,126.934409,0.0
MA010120220804945975,피자나라치킨공주 신촌점,패스트푸드,0.0,-0.2,50.0,0,0,서울특별시 서대문구 신촌로11길 7,신촌동,37.557084,126.93277,100.0
MA010120220800586774,강산애,한식,0.0,-0.89,100.0,0,0,서울특별시 서대문구 신촌로1길 10,신촌동,37.558736,126.92834,100.0
MA0101202212A0044403,페리윙클,주점,0.0,0.0,16.0,0,0,서울특별시 서대문구 신촌로1길 14,신촌동,37.558824,126.928453,100.0
MA010120220813502960,그대를 위한 커피,카페,0.0,0.0,0.0,0,0,서울특별시 서대문구 신촌로1길 26,신촌동,37.559191,126.928787,0.0
MA010120220802680464,전주식당,한식,0.0,0.0,66.67,0,0,서울특별시 서대문구 신촌로1길 3,신촌동,37.558689,126.927958,100.0
MA010120220800998373,홍보석,중식,0.0,0.0,0.0,0,0,서울특별시 서대문구 신촌로1길 5,신촌동,37.558751,126.928045,0.0
MA010120220813055291,떡군이네떡볶이 홍대신촌점,분식,0.0,0.0,25.0,0,0,서울특별시 서대문구 신촌로1길 9,신촌동,37.55889,126.928242,100.0
MA010120220812984210,볼타,서양식,0.0,0.37,35.14,0,0,서울특별시 서대문구 신촌로3길 29,신촌동,37.559282,126.929385,100.0
MA010120220813217608,통통닭,패스트푸드,0.0,0.0,0.0,0,0,서울특별시 서대문구 신촌로3길 29,신촌동,37.559282,126.929385,100.0
MA010120220813591092,육연소,한식,0.0,0.0,25.0,0,0,서울특별시 서대문구 신촌로3길 29,신촌동,37.559282,126.929385,100.0
MA010120220812018795,one of c,카페,0.0,0.33,50.0,0,0,서울특별시 서대문구 신촌로3길 5,신촌동,37.558361,126.928832,100.0
MA010120220814332467,크림온케이크,카페,0.0,3.0,0.0,0,0,서울특별시 서대문구 신촌로3길 6,신촌동,37.558367,126.929049,100.0
MA010120220807172952,정원식당,한식,0.0,1.5,20.0,0,0,서울특별시 서대문구 신촌로3길 9,신촌동,37.55857,126.928932,100.0
MA010120220810266213,마포깐풍기,한식,0.0,3.0,25.0,0,0,서울특별시 서대문구 신촌역로 12,신촌동,37.55776,126.943066,100.0
MA010120220812927048,한우곱창,한식,0.0,0.6,25.0,0,0,서울특별시 서대문구 신촌역로 13,신촌동,37.557814,126.942566,100.0
MA010120220800558073,웅네서서갈비,한식,0.0,-0.6,30.0,0,0,서울특별시 서대문구 신촌역로 13-1,신촌동,37.557971,126.942518,100.0
MA010120220800554775,이코노스시본점,일식,0.0,-0.53,28.57,0,0,서울특별시 서대문구 신촌역로 14,신촌동,37.557851,126.943061,100.0
MA010120220801767160,2대족발,한식,0.0,-0.2,25.0,0,0,서울특별시 서대문구 신촌역로 14,신촌동,37.557851,126.943061,100.0
MA010120220808587209,라멘81번옥 신촌점,일식,0.0,-0.6,50.0,0,0,서울특별시 서대문구 신촌역로 16,신촌동,37.558062,126.943176,100.0
MA010120220800591343,남도벌교음식점,한식,0.0,-0.2,25.0,0,0,서울특별시 서대문구 신촌역로 16,신촌동,37.558062,126.943176,100.0
MA010120220809680034,수퍼파인,카페,0.0,-0.86,0.0,0,0,서울특별시 서대문구 신촌역로 17,신촌동,37.558295,126.942417,100.0
MA010120220809816041,스시가마시 이대점,일식,0.0,-0.6,0.0,0,0,서울특별시 서대문구 신촌역로 17,신촌동,37.558295,126.942417,100.0
MA0101202210A0040111,김밥천국 신촌점,분식,0.0,0.18,40.0,0,0,서울특별시 서대문구 신촌역로 19-2,신촌동,37.55851,126.942529,97.5
MA010120220806802183,은희네 돈까스,분식,0.0,0.0,0.0,0,0,서울특별시 서대문구 신촌역로 22-5,신촌동,37.558905,126.943038,0.0
MA010120220806832204,클로버,카페,0.0,-0.67,0.0,0,0,서울특별시 서대문구 신촌역로 22-5,신촌동,37.558905,126.943038,100.0
MA010120220806977197,한바가지,동남아시아,0.0,2.0,0.0,0,0,서울특별시 서대문구 신촌역로 22-5,신촌동,37.558905,126.943038,100.0
MA010120220802688155,밥이꿀바비꿀,한식,0.0,-0.78,50.0,0,0,서울특별시 서대문구 신촌역로 22-5,신촌동,37.558905,126.943038,100.0
MA010120220808598924,디저트샵 이브흐,카페,0.0,-0.88,0.0,0,0,서울특별시 서대문구 신촌역로 22-5,신촌동,37.558905,126.943038,100.0
MA010120220809229520,주객전도,주점,0.0,0.0,0.0,0,0,서울특별시 서대문구 신촌역로 22-5,신촌동,37.558905,126.943038,0.0
MA010120220810313899,베리베리솔티,카페,0.0,0.0,0.0,0,0,서울특별시 서대문구 신촌역로 22-5,신촌동,37.558905,126.943038,100.0
MA010120220811764565,울리에,카페,0.0,0.0,0.0,0,0,서울특별시 서대문구 신촌역로 22-5,신촌동,37.558905,126.943038,0.0
MA010120220811980013,진저브라운,카페,0.0,-0.45,9.09,0,0,서울특별시 서대문구 신촌역로 22-5,신촌동,37.558905,126.943038,100.0
MA010120220812542174,막퍼주는집,분식,0.0,-0.5,0.0,0,0,서울특별시 서대문구 신촌역로 22-5,신촌동,37.558905,126.943038,100.0
MA010120220812839157,이대깻잎떡볶이,분식,0.0,-0.65,25.0,0,0,서울특별시 서대문구 신촌역로 22-5,신촌동,37.558905,126.943038,100.0
MA010120220812841645,허니꼬꼬,패스트푸드,0.0,-0.67,0.0,0,0,서울특별시 서대문구 신촌역로 22-5,신촌동,37.558905,126.943038,100.0
MA010120220802929059,지니네컵밥,한식,0.0,-0.61,27.27,0,0,서울특별시 서대문구 신촌역로 22-5,신촌동,37.558905,126.943038,100.0
MA010120220813789777,언니네양식당,서양식,0.0,3.0,25.0,0,0,서울특별시 서대문구 신촌역로 22-5,신촌동,37.558905,126.943038,100.0
MA010120220814190968,커피콩즙,카페,0.0,-0.67,0.0,0,0,서울특별시 서대문구 신촌역로 22-5,신촌동,37.558905,126.943038,100.0
MA010120220800057781,코쿤캅,동남아시아,0.0,0.0,0.0,0,0,서울특별시 서대문구 신촌역로 22-5,신촌동,37.558905,126.943038,0.0
MA010120220800383189,까미네 닭강정,패스트푸드,0.0,-0.75,100.0,0,0,서울특별시 서대문구 신촌역로 22-5,신촌동,37.558905,126.943038,100.0
MA010120220800679842,팔팔쌈닭,한식,0.0,0.0,16.67,0,0,서울특별시 서대문구 신촌역로 22-5,신촌동,37.558905,126.943038,100.0
MA010120220805276545,모닭모닭,한식,0.0,0.0,0.0,0,0,서울특별시 서대문구 신촌역로 22-5,신촌동,37.558905,126.943038,0.0
MA010120220810880772,마라탕 이대6호점,중식,0.0,0.0,22.22,0,0,서울특별시 서대문구 신촌역로 23,신촌동,37.558735,126.942455,100.0
MA010120220812111021,파스타리코 신촌점,서양식,0.0,0.0,0.0,0,0,서울특별시 서대문구 신촌역로 23,신촌동,37.558735,126.942455,100.0
MA010120220800562989,투썸플레이스 신촌기차역점,카페,0.0,0.0,100.0,0,0,서울특별시 서대문구 신촌역로 31,신촌동,37.558912,126.941928,100.0
MA010120220811950836,크로플덕오리아가씨 신촌점,카페,0.0,-0.36,0.0,0,0,서울특별시 서대문구 신촌역로 33,신촌동,37.558879,126.941741,100.0
MA010120220800086424,이디야 신촌기차역점,카페,0.0,0.27,0.0,0,0,서울특별시 서대문구 신촌역로 35,신촌동,37.558984,126.941464,100.0
MA010120220810393464,춘삼국수,한식,0.0,-0.33,0.0,0,0,서울특별시 서대문구 신촌역로 39,신촌동,37.558966,126.941033,100.0
MA010120220801054823,밍글컵,카페,0.0,0.0,0.0,0,0,서울특별시 서대문구 신촌역로 39,신촌동,37.558966,126.941033,0.0
MA010120220803986338,타코마씸 신촌점,서양식,0.0,0.0,0.0,0,0,서울특별시 서대문구 신촌역로 39,신촌동,37.558966,126.941033,100.0
MA010120220804909387,LAFL,카페,0.0,0.0,0.0,0,0,서울특별시 서대문구 신촌역로 39,신촌동,37.558966,126.941033,0.0
MA0101202302A0022722,에페메흐,카페,0.0,0.0,0.0,0,0,서울특별시 서대문구 신촌역로 39,신촌동,37.558966,126.941033,0.0
MA010120220803166387,돈노코돈먹기 이대점,한식,0.0,-0.6,50.0,0,0,서울특별시 서대문구 신촌역로 43,신촌동,37.55895,126.940636,100.0
MA010120220807176277,나주곰탕냉면 본점,한식,0.0,0.0,12.5,0,0,서울특별시 서대문구 신촌역로 7,신촌동,37.557352,126.9425,100.0
MA010120220808479572,카페 지니,카페,0.0,-0.88,0.0,0,0,서울특별시 서대문구 신촌역로 7,신촌동,37.557352,126.9425,100.0
MA010120220803585935,지푸드,한식,0.0,0.0,0.0,0,0,서울특별시 서대문구 신촌역로 7,신촌동,37.557352,126.9425,0.0
MA010120220800586409,로프트,서양식,0.0,-0.67,0.0,0,0,서울특별시 서대문구 연대동문길 18,신촌동,37.563358,126.943572,100.0
MA010120220800595106,압구정샤브샤브 신촌점,한식,0.0,-0.33,50.0,0,0,서울특별시 서대문구 연대동문길 26,신촌동,37.563584,126.943807,100.0
MA010120220806412035,이로운밥상,한식,0.0,-0.36,25.0,0,0,서울특별시 서대문구 연대동문길 27-6,신촌동,37.564055,126.94373,100.0
MA010120220812645330,마포돼지불백,한식,0.0,0.6,18.75,0,0,서울특별시 서대문구 연대동문길 27-6,신촌동,37.564055,126.94373,100.0
MA010120220800577547,라 본느 타르트,카페,0.0,0.03,54.05,0,0,서울특별시 서대문구 연대동문길 29,신촌동,37.563928,126.943839,97.3
MA010120220800577859,딸기골,분식,0.0,-0.22,52.38,0,0,서울특별시 서대문구 연대동문길 29,신촌동,37.563928,126.943839,100.0
MA010120220807883106,하노이의아침,동남아시아,0.0,-0.54,25.0,0,0,서울특별시 서대문구 연대동문길 45,신촌동,37.564422,126.944415,100.0
MA010120220800579168,로드샌드위치,카페,0.0,0.0,71.43,0,0,서울특별시 서대문구 연대동문길 45,신촌동,37.564422,126.944415,100.0
MA0101202301A0064096,위블레,서양식,0.0,0.0,0.0,0,0,서울특별시 서대문구 연대동문길 71,신촌동,37.565363,126.945396,100.0
MA010120220800639810,나주식당,한식,0.0,0.0,80.0,0,0,서울특별시 서대문구 연세로 10-1,신촌동,37.556495,126.937125,100.0
MA0101202302A0107699,카페앤 신촌점,카페,0.0,0.0,33.33,0,0,서울특별시 서대문구 연세로 14,신촌동,37.556738,126.937169,100.0
MA010120220814008416,홍대개미 신촌점,일식,0.0,0.0,0.0,0,0,서울특별시 서대문구 연세로 18,신촌동,37.557146,126.937129,0.0
MA010120220813165108,육쌈냉면 신촌점,한식,0.0,0.0,0.0,0,0,서울특별시 서대문구 연세로 19,신촌동,37.557391,126.93672,0.0
MA010120220811670518,본죽&비빔밥cafe 신촌점,한식,0.0,-0.08,31.82,0,0,서울특별시 서대문구 연세로 20,신촌동,37.557542,126.937147,95.5
MA010120220811924124,인도야시장 신촌점,동남아시아,0.0,0.0,0.0,0,0,서울특별시 서대문구 연세로 20,신촌동,37.557542,126.937147,100.0
MA0101202301A0010944,카페 플레이스,카페,0.0,0.0,0.0,0,0,서울특별시 서대문구 연세로 20,신촌동,37.557542,126.937147,90.0
MA010120220800590559,아마이,주점,0.0,-0.5,0.0,0,0,서울특별시 서대문구 연세로 21,신촌동,37.557565,126.936674,66.7
MA010120220800600941,설빙 신촌점,카페,0.0,0.0,0.0,0,0,서울특별시 서대문구 연세로 23,신촌동,37.557766,126.936693,0.0
MA010120220800639535,채선당 신촌점,한식,0.0,0.0,0.0,0,0,서울특별시 서대문구 연세로 23,신촌동,37.557766,126.936693,0.0
MA010120220800553338,신촌설렁탕,한식,0.0,0.0,0.0,0,0,서울특별시 서대문구 연세로 24,신촌동,37.557771,126.937112,66.7
MA010120220802691019,타코벨 신촌점,서양식,0.0,0.22,20.51,0,0,서울특별시 서대문구 연세로 26-1,신촌동,37.557997,126.93712,97.4
MA010120220804615661,백년당 마라탕 본점,중식,0.0,-0.01,42.86,0,0,서울특별시 서대문구 연세로 27-1,신촌동,37.558103,126.936668,98.7
MA010120220803061103,컴포즈커피 신촌연세대점,카페,0.0,-0.56,41.18,0,0,서울특별시 서대문구 연세로 29-1,신촌동,37.558341,126.936751,94.1
MA010120220814083848,쥬씨 신촌점,카페,0.0,0.33,32.14,0,0,서울특별시 서대문구 연세로 30,신촌동,37.558277,126.937138,92.9
MA010120220814372359,브라더한정식도시락 신촌점,한식,0.0,0.0,0.0,0,0,서울특별시 서대문구 연세로 33,신촌동,37.558596,126.936726,0.0
MA010120220809989915,김가네김밥 연대점,분식,0.0,0.0,0.0,0,0,서울특별시 서대문구 연세로 35,신촌동,37.558731,126.936715,0.0
MA010120220811041278,콩불 신촌점,한식,0.0,0.0,0.0,0,0,서울특별시 서대문구 연세로 35,신촌동,37.558731,126.936715,100.0
MA010120220814109143,두블레,서양식,0.0,-0.66,30.0,0,0,서울특별시 서대문구 연세로 36,신촌동,37.558786,126.937242,90.0
MA010120220807754377,라장훠궈,중식,0.0,0.12,0.0,0,0,서울특별시 서대문구 연세로 37,신촌동,37.558873,126.936683,94.4
MA010120220800996612,포메인 신촌점,동남아시아,0.0,-0.32,23.08,0,0,서울특별시 서대문구 연세로 37,신촌동,37.558873,126.936683,100.0
MA010120220800432855,유채우 요리사랑,한식,0.0,0.33,50.0,0,0,서울특별시 서대문구 연세로 41,신촌동,37.559235,126.936762,100.0
MA010120220807383253,카페스페이스,카페,0.0,-0.5,0.0,0,0,서울특별시 서대문구 연세로 42-22,신촌동,37.559256,126.938302,100.0
MA010120220800588076,논지당,한식,0.0,0.0,16.67,0,0,서울특별시 서대문구 연세로 42-22,신촌동,37.559256,126.938302,83.3
MA010120220800596127,쉬바펍,주점,0.0,0.5,0.0,0,0,서울특별시 서대문구 연세로 42-24,신촌동,37.559247,126.938437,100.0
MA010120220800557544,준스그릴,서양식,0.0,0.0,0.0,0,0,서울특별시 서대문구 연세로 42-34,신촌동,37.559261,126.938854,0.0
MA010120220810234146,Coffee&Snack,분식,0.0,0.0,0.0,0,0,서울특별시 서대문구 연세로 50-1,신촌동,37.563013,126.941721,0.0
MA010120220810803751,파스쿠찌 연세세브란스2호점,카페,0.0,0.78,24.39,0,0,서울특별시 서대문구 연세로 50-1,신촌동,37.563013,126.941721,92.7
MA010120220811474914,아임카츠,서양식,0.0,-0.5,0.0,0,0,서울특별시 서대문구 연세로 50,신촌동,37.564653,126.943758,100.0
MA010120220813940605,지파시 연세암병원점,분식,0.0,-0.33,21.43,0,0,서울특별시 서대문구 연세로 50-1,신촌동,37.563013,126.941721,92.9
MA010120220814048829,포베이 연세암병원점,동남아시아,0.0,-0.33,29.69,0,0,서울특별시 서대문구 연세로 50-1,신촌동,37.563013,126.941721,98.4
MA010120220814256550,로봇김밥 세브란스점,분식,0.0,0.05,25.64,0,0,서울특별시 서대문구 연세로 50-1,신촌동,37.563013,126.941721,97.4
MA010120220800624887,던킨 연세안과병원점,카페,0.0,0.11,35.71,0,0,서울특별시 서대문구 연세로 50-1,신촌동,37.563013,126.941721,95.2
MA010120220800625559,와이오푸드 한경관,한식,0.0,0.0,0.0,0,0,서울특별시 서대문구 연세로 50,신촌동,37.564653,126.943758,0.0
MA010120220800572531,카페모나티,카페,0.0,6.0,28.57,0,0,서울특별시 서대문구 연세로 50,신촌동,37.564653,126.943758,100.0
MA010120220800578495,샌드프레소 연대동문점,카페,0.0,0.0,0.0,0,0,서울특별시 서대문구 연세로 50,신촌동,37.564653,126.943758,100.0
MA010120220800583195,던킨 연대동문회관점,카페,0.0,-0.21,59.09,0,0,서울특별시 서대문구 연세로 50,신촌동,37.564653,126.943758,97.7
MA010120220803520345,잠바주스 연세대학교점,카페,0.0,-0.73,33.33,0,0,서울특별시 서대문구 연세로 50,신촌동,37.564653,126.943758,100.0
MA010120220804132287,샐러디 연세대점,카페,0.0,-0.19,48.28,0,0,서울특별시 서대문구 연세로 50,신촌동,37.564653,126.943758,96.6
MA010120220805056183,더블랙나인,패스트푸드,0.0,-0.46,70.97,0,0,서울특별시 서대문구 연세로 50,신촌동,37.564653,126.943758,100.0
MA0101202209A0077945,제순식당 연세대SK국제학사점,한식,0.0,0.0,100.0,0,0,서울특별시 서대문구 연세로 50,신촌동,37.564653,126.943758,100.0
MA0101202209A0080907,인생설렁탕 연세대SK국제학사점,한식,0.0,0.0,0.0,0,0,서울특별시 서대문구 연세로 50,신촌동,37.564653,126.943758,0.0
MA010120220805198814,김밥천국,분식,0.0,-0.5,0.0,0,0,서울특별시 서대문구 연세로 50,신촌동,37.564653,126.943758,100.0
MA010120220806624362,본우리반상 신촌세브란스점,한식,0.0,-0.45,47.37,0,0,서울특별시 서대문구 연세로 50-1,신촌동,37.563013,126.941721,100.0
MA010120220808118352,파스쿠찌 연세우리라운지점,카페,0.0,0.03,32.26,0,0,서울특별시 서대문구 연세로 50-1,신촌동,37.563013,126.941721,100.0
MA010120220812692974,본죽 세브란스병원점,한식,0.0,-0.15,21.57,0,0,서울특별시 서대문구 연세로 50-1,신촌동,37.563013,126.941721,92.2
MA0101202210A0098639,파스쿠찌 연세심혈관병원점,카페,0.0,0.0,33.33,0,0,서울특별시 서대문구 연세로 50-1,신촌동,37.563013,126.941721,66.7
MA010120220800625157,잠바주스 연세세브란스점,카페,0.0,-0.16,54.0,0,0,서울특별시 서대문구 연세로 50-1,신촌동,37.563013,126.941721,95.0
MA0101202211A0011669,역전우동0410 신촌점,일식,0.0,-0.05,26.74,0,0,서울특별시 서대문구 연세로 6,신촌동,37.556077,126.937036,96.5
MA010120220812424476,파스타의 왕자,서양식,0.0,0.0,0.0,0,0,서울특별시 서대문구 연세로 8-1,신촌동,37.556342,126.937302,0.0
MA010120220800555859,동해해물탕,한식,0.0,-0.11,12.5,0,0,서울특별시 서대문구 연세로 9-5,신촌동,37.556338,126.936448,87.5
MA010120220808461367,데이지,서양식,0.0,1.67,8.33,0,0,서울특별시 서대문구 연세로11길 10,신촌동,37.559044,126.936295,95.8
MA010120220804599689,막걸리싸롱,주점,0.0,-0.25,0.0,0,0,서울특별시 서대문구 연세로11길 10,신촌동,37.559044,126.936295,100.0
MA010120220806484912,백순대본가새맛 신촌연대점,한식,0.0,-0.55,40.0,0,0,서울특별시 서대문구 연세로11길 12,신촌동,37.559041,126.93617,100.0
MA010120220808286746,315 bar,주점,0.0,0.0,0.0,0,0,서울특별시 서대문구 연세로11길 12,신촌동,37.559041,126.93617,0.0
MA010120220804680735,제임스시카고피자 신촌점,패스트푸드,0.0,-0.19,0.0,0,0,서울특별시 서대문구 연세로11길 12,신촌동,37.559041,126.93617,100.0
MA010120220810129526,와인집,주점,0.0,-0.2,0.0,0,0,서울특별시 서대문구 연세로11길 13,신촌동,37.558838,126.93603,100.0
MA010120220800874715,백암순대국,한식,0.0,-0.33,30.0,0,0,서울특별시 서대문구 연세로11길 13,신촌동,37.558838,126.93603,90.0
MA010120220813323422,카페언더우드,카페,0.0,-0.67,0.0,0,0,서울특별시 서대문구 연세로11길 14,신촌동,37.559079,126.936021,100.0
MA010120220807415778,개미집 신촌점,한식,0.0,-0.41,20.0,0,0,서울특별시 서대문구 연세로11길 15,신촌동,37.558825,126.9359,80.0
MA010120220812749388,두찜 신촌점,한식,0.0,1.0,25.0,0,0,서울특별시 서대문구 연세로11길 16,신촌동,37.559041,126.935897,100.0
MA010120220813751747,썬더치킨 신촌연대점,패스트푸드,0.0,0.0,0.0,0,0,서울특별시 서대문구 연세로11길 20,신촌동,37.559026,126.935762,100.0
MA010120220800802178,우드문,카페,0.0,-0.6,0.0,0,0,서울특별시 서대문구 연세로11길 20,신촌동,37.559026,126.935762,100.0
MA010120220810116254,오리총재 신촌점,한식,0.0,1.33,14.29,0,0,서울특별시 서대문구 연세로11길 21,신촌동,37.558867,126.935569,100.0
MA010120220800587831,대포,주점,0.0,1.67,0.0,0,0,서울특별시 서대문구 연세로11길 21,신촌동,37.558867,126.935569,100.0
MA010120220805990273,119등갈비,한식,0.0,0.0,0.0,0,0,서울특별시 서대문구 연세로11길 22,신촌동,37.559017,126.935629,0.0
MA010120220814171134,LP시대,주점,0.0,-0.75,0.0,0,0,서울특별시 서대문구 연세로11길 24,신촌동,37.559025,126.935515,100.0
MA010120220811453040,꽁술,주점,0.0,-0.67,100.0,0,0,서울특별시 서대문구 연세로11길 27,신촌동,37.558876,126.935297,100.0
MA010120220803867640,아소비바,일식,0.0,1.21,6.45,0,0,서울특별시 서대문구 연세로11길 27,신촌동,37.558876,126.935297,100.0
MA010120220805181658,바 틸트,주점,0.0,1.0,0.0,0,0,서울특별시 서대문구 연세로11길 27,신촌동,37.558876,126.935297,100.0
MA010120220800594625,자연담은화로 신촌점,한식,0.0,-0.15,9.09,0,0,서울특별시 서대문구 연세로11길 29,신촌동,37.558852,126.935132,100.0
MA010120220806729896,천하튀김꼬치 신촌6호점,분식,0.0,0.0,0.0,0,0,서울특별시 서대문구 연세로11길 32,신촌동,37.559017,126.935057,0.0
MA010120220800602687,쭈꾸미달인 신촌점,한식,0.0,-0.71,50.0,0,0,서울특별시 서대문구 연세로11길 32,신촌동,37.559017,126.935057,100.0
MA010120220800573659,Messier,주점,0.0,0.0,0.0,0,0,서울특별시 서대문구 연세로11길 32,신촌동,37.559017,126.935057,100.0
MA010120220808311746,에일크루브루잉 신촌점,주점,0.0,0.0,66.67,0,0,서울특별시 서대문구 연세로11길 34,신촌동,37.559086,126.934923,100.0
MA010120220814253035,뉴욕11번가앤치킨클럽,주점,0.0,0.0,0.0,0,0,서울특별시 서대문구 연세로11길 35,신촌동,37.558841,126.934834,0.0
MA010120220801792589,이자카야 류,주점,0.0,-0.6,0.0,0,0,서울특별시 서대문구 연세로11길 35,신촌동,37.558841,126.934834,100.0
MA010120220800596231,다발김치찌개,한식,0.0,-0.67,0.0,0,0,서울특별시 서대문구 연세로11길 8,신촌동,37.559042,126.936466,100.0
MA010120220812628509,이디야커피 연세대점,카페,0.0,-0.6,33.33,0,0,서울특별시 서대문구 연세로12길 10,신촌동,37.558849,126.937517,95.8
MA010120220800586235,거품1,주점,0.0,-0.67,0.0,0,0,서울특별시 서대문구 연세로12길 10,신촌동,37.558849,126.937517,100.0
MA0101202302A0031310,프롬하츠커피 신촌점,카페,0.0,0.0,0.0,0,0,서울특별시 서대문구 연세로12길 19,신촌동,37.559005,126.938152,100.0
MA010120220806550964,하노이포 본점,동남아시아,0.0,0.22,9.09,0,0,서울특별시 서대문구 연세로12길 20,신촌동,37.55889,126.938133,100.0
MA010120220809780261,카페프루티,카페,0.0,2.67,9.09,0,0,서울특별시 서대문구 연세로12길 22,신촌동,37.558907,126.938305,100.0
MA010120220800639524,우리이동갈비,한식,0.0,-0.91,0.0,0,0,서울특별시 서대문구 연세로12길 22,신촌동,37.558907,126.938305,100.0
MA010120220810193233,생육회관,한식,0.0,-0.5,0.0,0,0,서울특별시 서대문구 연세로12길 23,신촌동,37.559092,126.938331,100.0
MA010120220801139267,독수리상회,한식,0.0,0.0,25.0,0,0,서울특별시 서대문구 연세로12길 27,신촌동,37.559106,126.938566,100.0
MA010120220808411850,동학물갈비,한식,0.0,0.0,0.0,0,0,서울특별시 서대문구 연세로12길 37-3,신촌동,37.559237,126.938941,100.0
MA010120220806454999,텐동미세기,일식,0.0,-0.09,20.69,0,0,서울특별시 서대문구 연세로13길 7,신촌동,37.559238,126.9364,96.6
MA010120220805123375,이가네설렁탕,한식,0.0,0.43,20.0,0,0,서울특별시 서대문구 연세로2가길 6,신촌동,37.556242,126.937589,100.0
MA010120220800574715,코바코 신촌점,한식,0.0,0.0,7.14,0,0,서울특별시 서대문구 연세로2길 14,신촌동,37.555911,126.937749,100.0
MA010120220800020038,무교동낙지골,한식,0.0,0.33,50.0,0,0,서울특별시 서대문구 연세로2길 19,신촌동,37.556145,126.937996,100.0
MA010120220800591035,영심이네감자탕,한식,0.0,6.0,57.14,0,0,서울특별시 서대문구 연세로2길 25,신촌동,37.556294,126.938334,100.0
MA010120220800639858,판자집,주점,0.0,0.67,0.0,0,0,서울특별시 서대문구 연세로2길 29,신촌동,37.556346,126.938509,100.0
MA010120220800599218,작은카페,카페,0.0,0.0,0.0,0,0,서울특별시 서대문구 연세로2길 31,신촌동,37.556333,126.938595,100.0
MA010120220814302419,빽다방 신촌역점,카페,0.0,-0.35,55.0,0,0,서울특별시 서대문구 연세로2길 6,신촌동,37.555879,126.937156,98.3
MA010120220800582385,새마을식당 신촌점,한식,0.0,-0.35,35.29,0,0,서울특별시 서대문구 연세로2길 6,신촌동,37.555879,126.937156,94.1
MA010120220800601858,맵,주점,0.0,0.0,0.0,0,0,서울특별시 서대문구 연세로2길 75,신촌동,37.557081,126.940914,0.0
MA010120220805281719,네네치킨 이대역점,패스트푸드,0.0,1.4,41.67,0,0,서울특별시 서대문구 연세로2길 84,신촌동,37.556999,126.941448,100.0
MA010120220800563846,동강참치,일식,0.0,0.0,42.86,0,0,서울특별시 서대문구 연세로2길 87,신촌동,37.557157,126.941551,85.7
MA010120220800600900,강릉아구찜,한식,0.0,-0.4,33.33,0,0,서울특별시 서대문구 연세로2길 93,신촌동,37.557236,126.942001,100.0
MA010120220804258451,대현매운족발 본점,한식,0.0,-0.61,28.57,0,0,서울특별시 서대문구 연세로2길 95,신촌동,37.557191,126.942102,100.0
MA010120220814082452,제주도로담,한식,0.0,1.43,23.53,0,0,서울특별시 서대문구 연세로2마길 14,신촌동,37.557806,126.942291,100.0
MA010120220803058643,자마버거 이대점,패스트푸드,0.0,-0.41,10.0,0,0,서울특별시 서대문구 연세로2마길 17,신촌동,37.557929,126.942053,100.0
MA010120220813949933,이태리마담 신촌점,서양식,0.0,0.0,0.0,0,0,서울특별시 서대문구 연세로2마길 30,신촌동,37.558513,126.94222,66.7
MA010120220803077489,올페우스,주점,0.0,0.0,0.0,0,0,서울특별시 서대문구 연세로2마길 30,신촌동,37.558513,126.94222,0.0
MA010120220808461213,신룽푸마라탕 신촌점,중식,0.0,0.2,16.67,0,0,서울특별시 서대문구 연세로4길 1,신촌동,37.557069,126.937138,70.8
MA010120220812114781,코비노래타운 신촌점,주점,0.0,-0.4,33.33,0,0,서울특별시 서대문구 연세로4길 12,신촌동,37.557008,126.937744,100.0
MA010120220807595483,신의주찹쌀순대 신촌점,한식,0.0,-0.18,0.0,0,0,서울특별시 서대문구 연세로4길 19,신촌동,37.557386,126.937814,77.8
MA010120220802762941,콩카페,카페,0.0,0.0,0.0,0,0,서울특별시 서대문구 연세로4길 24,신촌동,37.557316,126.938183,0.0
MA010120220800565533,청담동포장마차,주점,0.0,-0.27,0.0,0,0,서울특별시 서대문구 연세로4길 25,신촌동,37.557474,126.938035,100.0
MA010120220800590969,젊은소나무,주점,0.0,-0.33,0.0,0,0,서울특별시 서대문구 연세로4길 28,신촌동,37.557482,126.938348,100.0
MA010120220804319254,오늘와인한잔 연대가든점,서양식,0.0,-0.69,0.0,0,0,서울특별시 서대문구 연세로4길 30,신촌동,37.557503,126.938481,100.0
MA010120220802916445,명성양꼬치 신촌본점,중식,0.0,0.27,35.71,0,0,서울특별시 서대문구 연세로4길 33,신촌동,37.557776,126.938408,100.0
MA010120220814234683,BHC치킨 신촌점,패스트푸드,0.0,1.0,0.0,0,0,서울특별시 서대문구 연세로4길 34,신촌동,37.557613,126.938553,100.0
MA010120220800590808,신촌영양센터,한식,0.0,0.0,14.29,0,0,서울특별시 서대문구 연세로4길 34,신촌동,37.557613,126.938553,100.0
MA010120220812069328,이국장,일식,0.0,-0.11,4.0,0,0,서울특별시 서대문구 연세로4길 36,신촌동,37.557709,126.938671,100.0
MA010120220806777781,신촌아지트,주점,0.0,0.0,0.0,0,0,서울특별시 서대문구 연세로4길 42-3,신촌동,37.557908,126.939091,0.0
MA010120220808761370,왕십리곱창철판구이,한식,0.0,0.0,0.0,0,0,서울특별시 서대문구 연세로4길 46,신촌동,37.557969,126.939017,0.0
MA010120220812678884,와사비,한식,0.0,0.0,0.0,0,0,서울특별시 서대문구 연세로4길 48,신촌동,37.558028,126.939092,0.0
MA010120220800192361,예스터데이,주점,0.0,0.0,0.0,0,0,서울특별시 서대문구 연세로4길 48,신촌동,37.558028,126.939092,0.0
MA0101202301A0036127,비올라,주점,0.0,0.0,0.0,0,0,서울특별시 서대문구 연세로4길 53,신촌동,37.558374,126.939271,0.0
MA010120220810149522,강남불백 신촌점,한식,0.0,0.14,23.81,0,0,서울특별시 서대문구 연세로4길 6,신촌동,37.556924,126.937357,97.6
MA010120220812781050,틈새라면 신촌점,분식,0.0,0.11,19.05,0,0,서울특별시 서대문구 연세로4길 6,신촌동,37.556924,126.937357,100.0
MA010120220813099288,패스트카페 신촌점,카페,0.0,1.2,0.0,0,0,서울특별시 서대문구 연세로4길 61,신촌동,37.558572,126.939536,100.0
MA0101202302A0011741,퀸즈도그,서양식,0.0,0.0,0.0,0,0,서울특별시 서대문구 연세로4길 61,신촌동,37.558572,126.939536,0.0
MA010120220803102114,이나닭강정 신촌점,패스트푸드,0.0,0.14,43.75,0,0,서울특별시 서대문구 연세로4길 67,신촌동,37.558659,126.940071,100.0
MA010120220805486206,준코 연세대점,주점,0.0,1.75,9.09,0,0,서울특별시 서대문구 연세로4길 7,신촌동,37.557082,126.937375,90.9
MA010120220800600419,가화만사성,중식,0.0,-0.07,40.0,0,0,서울특별시 서대문구 연세로5가길 1,신촌동,37.55705,126.936096,92.0
MA010120220810887386,ATTA,주점,0.0,0.0,0.0,0,0,서울특별시 서대문구 연세로5가길 13,신촌동,37.557238,126.935972,100.0
MA0101202212A0075582,금고기비스트로 신촌,한식,0.0,1.79,3.77,0,0,서울특별시 서대문구 연세로5가길 13,신촌동,37.557238,126.935972,96.2
MA010120220811679610,원할머니보쌈족발 신촌점,한식,0.0,0.0,0.0,0,0,서울특별시 서대문구 연세로5가길 14,신촌동,37.557413,126.935982,0.0
MA010120220800633576,지오짱조개구이,한식,0.0,-0.36,11.11,0,0,서울특별시 서대문구 연세로5가길 15,신촌동,37.557188,126.935746,100.0
MA010120220800956204,클럽이스케이프,주점,0.0,0.44,7.69,0,0,서울특별시 서대문구 연세로5가길 16,신촌동,37.557401,126.935852,96.2
MA010120220803964326,신촌김치삼겹살,주점,0.0,2.0,0.0,0,0,서울특별시 서대문구 연세로5가길 16,신촌동,37.557401,126.935852,100.0
MA010120220805962524,춘풍식리양꼬치,중식,0.0,0.5,0.0,0,0,서울특별시 서대문구 연세로5가길 18,신촌동,37.557417,126.935732,100.0
MA010120220803885449,고향,한식,0.0,0.0,0.0,0,0,서울특별시 서대문구 연세로5가길 18,신촌동,37.557417,126.935732,100.0
MA010120220802898807,교토우마이,일식,0.0,-0.62,0.0,0,0,서울특별시 서대문구 연세로5가길 19,신촌동,37.55719,126.935538,100.0
MA010120220802738962,김덕후의 차돌조,한식,0.0,2.75,13.33,0,0,서울특별시 서대문구 연세로5가길 20,신촌동,37.557408,126.935612,100.0
MA010120220814315030,펀비어킹 신촌 유플렉스점,주점,0.0,2.0,33.33,0,0,서울특별시 서대문구 연세로5가길 22,신촌동,37.557406,126.935494,100.0
MA010120220814348168,KMGM 신촌점,주점,0.0,0.0,0.0,0,0,서울특별시 서대문구 연세로5가길 27,신촌동,37.557202,126.93512,0.0
MA010120220805094481,옥이네 김치찌개와 직화삼겹,한식,0.0,0.0,0.0,0,0,서울특별시 서대문구 연세로5가길 27,신촌동,37.557202,126.93512,0.0
MA0101202211A0084746,대파곱창,한식,0.0,0.97,26.15,0,0,서울특별시 서대문구 연세로5가길 28,신촌동,37.557416,126.935142,96.9
MA010120220805124406,악동포차,주점,0.0,-0.5,0.0,0,0,서울특별시 서대문구 연세로5가길 29,신촌동,37.557207,126.935014,100.0
MA010120220812266399,천궁전마라탕,중식,0.0,0.41,35.0,0,0,서울특별시 서대문구 연세로5가길 3,신촌동,37.557212,126.936189,100.0
MA010120220800584198,이자카야 류 2호점,주점,0.0,0.4,0.0,0,0,서울특별시 서대문구 연세로5가길 3,신촌동,37.557212,126.936189,71.4
MA010120220805124075,더진국 수육국밥 신촌점,한식,0.0,0.08,7.69,0,0,서울특별시 서대문구 연세로5가길 3,신촌동,37.557212,126.936189,94.9
MA010120220805031161,청춘대로,한식,0.0,5.2,5.38,0,0,서울특별시 서대문구 연세로5가길 30,신촌동,37.557425,126.935028,98.9
MA010120220803535564,백양양꼬치짬뽕,한식,0.0,0.0,0.0,0,0,서울특별시 서대문구 연세로5가길 31,신촌동,37.557184,126.934896,0.0
MA010120220808431265,춘천집닭갈비본사직영철판구이,한식,0.0,0.08,3.85,0,0,서울특별시 서대문구 연세로5가길 8,신촌동,37.557275,126.936407,98.1
MA010120220800809701,돌아온의정부부대찌개,한식,0.0,-0.43,12.5,0,0,서울특별시 서대문구 연세로5가길 8-3,신촌동,37.557481,126.936148,62.5
MA010120220803088018,이자카야류 3호점,일식,0.0,1.5,0.0,0,0,서울특별시 서대문구 연세로5가길 8-3,신촌동,37.557481,126.936148,100.0
MA0101202212A0038209,신소살,한식,0.0,0.0,0.0,0,0,서울특별시 서대문구 연세로5가길 8-3,신촌동,37.557481,126.936148,100.0
MA0101202212A0005803,룸의정석 신촌점,주점,0.0,9.0,9.33,0,0,서울특별시 서대문구 연세로5가길 8-3,신촌동,37.557481,126.936148,98.7
MA010120220809643608,장미맨숀 신촌점,주점,0.0,-0.5,0.0,0,0,서울특별시 서대문구 연세로5가길 8-6,신촌동,37.557503,126.936437,100.0
MA010120220800616011,버글버글,주점,0.0,0.0,0.0,0,0,서울특별시 서대문구 연세로5가길 8-6,신촌동,37.557503,126.936437,0.0
MA0101202212A0049657,카린지린가네스낵바 신촌점,한식,0.0,0.0,1.02,0,0,서울특별시 서대문구 연세로5길 2,신촌동,37.55739,126.936573,98.0
MA010120220800639902,카페파파,카페,0.0,-0.31,9.09,0,0,서울특별시 서대문구 연세로5길 28,신촌동,37.556473,126.935431,72.7
MA010120220811657813,인타코타코야끼&캔카페,일식,0.0,-0.38,31.11,0,0,서울특별시 서대문구 연세로5길 32,신촌동,37.556367,126.935366,100.0
MA010120220812685290,팔공티 신촌점,카페,0.0,-0.44,71.67,0,0,서울특별시 서대문구 연세로5길 32,신촌동,37.556367,126.935366,96.7
MA010120220800590701,이삭토스트 서울신촌점,카페,0.0,-0.1,41.67,0,0,서울특별시 서대문구 연세로5길 32,신촌동,37.556367,126.935366,100.0
MA010120220800588797,훼드라,분식,0.0,-0.75,0.0,0,0,서울특별시 서대문구 연세로5길 32,신촌동,37.556367,126.935366,100.0
MA0101202210A0088461,매머드익스프레스 신촌점,카페,0.0,-0.62,60.98,0,0,서울특별시 서대문구 연세로5길 38,신촌동,37.556367,126.935366,97.6
MA010120220800593680,돈우마미,일식,0.0,-0.24,40.0,0,0,서울특별시 서대문구 연세로5길 38,신촌동,37.556367,126.935366,100.0
MA010120220812107785,투다리 신촌1호점,주점,0.0,0.55,5.88,0,0,서울특별시 서대문구 연세로5나길 10,신촌동,37.557058,126.935687,94.1
MA010120220813844109,헤븐,주점,0.0,-0.3,0.0,0,0,서울특별시 서대문구 연세로5나길 14,신촌동,37.557056,126.935517,100.0
MA010120220800601500,진미오향왕족발,한식,0.0,4.0,0.0,0,0,서울특별시 서대문구 연세로5나길 18,신촌동,37.557065,126.935163,100.0
MA010120220812257392,정정아식당 신촌직영점,한식,0.0,-0.18,11.11,0,0,서울특별시 서대문구 연세로5가길 32,신촌동,37.557395,126.934896,100.0
MA010120220800595202,세시봉,주점,0.0,0.0,0.0,0,0,서울특별시 서대문구 연세로5가길 32,신촌동,37.557395,126.934896,0.0
MA010120220809864810,일미리금계찜닭 신촌점,한식,0.0,-0.67,0.0,0,0,서울특별시 서대문구 연세로5나길 30-16,신촌동,37.557577,126.934994,100.0
MA010120220804156412,신촌부추곱창 신촌본점,한식,0.0,-0.29,4.55,0,0,서울특별시 서대문구 연세로5나길 30-16,신촌동,37.557577,126.934994,86.4
MA010120220800601113,제이스바,한식,0.0,0.0,0.0,0,0,서울특별시 서대문구 연세로5나길 30-6,신촌동,37.557197,126.934789,0.0
MA010120220812988264,헤이진,서양식,0.0,0.19,12.5,0,0,서울특별시 서대문구 연세로5나길 37,신촌동,37.557053,126.934131,100.0
MA010120220800602745,최완식참치,일식,0.0,0.0,0.0,0,0,서울특별시 서대문구 연세로5나길 6,신촌동,37.55705,126.935908,0.0
MA010120220806853760,오늘와인한잔 신촌역점,카페,0.0,12.5,3.17,0,0,서울특별시 서대문구 연세로5나길 8,신촌동,37.557107,126.935817,100.0
MA010120220805052425,군자대한곱창 신촌점,한식,0.0,-0.56,14.29,0,0,서울특별시 서대문구 연세로5나길 8,신촌동,37.557107,126.935817,100.0
MA010120220800640896,삼호복집,한식,0.0,-0.15,27.27,0,0,서울특별시 서대문구 연세로5다길 10,신촌동,37.556513,126.934989,90.9
MA010120220813257225,맛깔부대찌개두루치기,한식,0.0,0.0,0.0,0,0,서울특별시 서대문구 연세로5다길 12,신촌동,37.556547,126.934867,0.0
MA010120220800583517,한울타리,한식,0.0,-0.5,50.0,0,0,서울특별시 서대문구 연세로5다길 14,신촌동,37.556616,126.934759,100.0
MA010120220808140236,신촌간이회집,한식,0.0,-0.57,11.11,0,0,서울특별시 서대문구 연세로5다길 22,신촌동,37.556644,126.934474,88.9
MA010120220801438904,미사일부대찌개,한식,0.0,-0.32,15.38,0,0,서울특별시 서대문구 연세로5다길 22-3,신촌동,37.556764,126.934299,92.3
MA010120220805288541,낭만포차노가리,주점,0.0,0.0,100.0,0,0,서울특별시 서대문구 연세로5다길 22-4,신촌동,37.55671,126.934505,100.0
MA010120220807748970,엘라도수제아이스크림,분식,0.0,-0.56,0.0,0,0,서울특별시 서대문구 연세로5다길 22-7,신촌동,37.556959,126.934402,100.0
MA010120220807975175,전주파전,한식,0.0,0.0,0.0,0,0,서울특별시 서대문구 연세로5다길 26,신촌동,37.556765,126.934136,100.0
MA010120220808121108,제육천재 마포점,한식,0.0,0.0,0.0,0,0,서울특별시 서대문구 연세로5다길 26,신촌동,37.556765,126.934136,0.0
MA010120220812817219,삼미마라탕,중식,0.0,0.0,0.0,0,0,서울특별시 서대문구 연세로5다길 26,신촌동,37.556765,126.934136,100.0
MA010120220813850034,고기듬뿍 미트박스 마포점,한식,0.0,0.0,0.0,0,0,서울특별시 서대문구 연세로5다길 26,신촌동,37.556765,126.934136,0.0
MA010120220806854709,해누리,일식,0.0,0.38,0.0,0,0,서울특별시 서대문구 연세로5다길 28-4,신촌동,37.556844,126.934198,100.0
MA010120220800560835,시골농장,한식,0.0,0.0,0.0,0,0,서울특별시 서대문구 연세로5다길 30,신촌동,37.556888,126.933908,0.0
MA010120220806819195,제스의부엌 옐로서브마린점,일식,0.0,-0.86,0.0,0,0,서울특별시 서대문구 연세로5다길 35,신촌동,37.556819,126.933548,100.0
MA010120220800601627,기꾸스시,일식,0.0,-0.27,2.08,0,0,서울특별시 서대문구 연세로5다길 35,신촌동,37.556819,126.933548,0.0
MA010120220805049228,육칠이 신촌점,한식,0.0,1.0,0.0,0,0,서울특별시 서대문구 연세로5다길 36,신촌동,37.556952,126.933654,100.0
MA0101202301A0081984,미스타교자 신촌,중식,0.0,0.0,0.0,0,0,서울특별시 서대문구 연세로5다길 46,신촌동,37.557157,126.933121,98.6
MA010120220813727652,고기랑,한식,0.0,0.1,0.0,0,0,서울특별시 서대문구 연세로5다길 16,신촌동,37.556619,126.934614,100.0
MA010120220800609421,신촌다성수산,동남아시아,0.0,-0.33,0.0,0,0,서울특별시 서대문구 연세로5다길 6,신촌동,37.55641,126.935237,100.0
MA010120220813744822,티엑스홀덤,주점,0.0,0.0,0.0,0,0,서울특별시 서대문구 연세로5다길 8,신촌동,37.556456,126.935114,0.0
MA010120220804820997,예즈지,중식,0.0,0.0,0.0,0,0,서울특별시 서대문구 연세로7길 13,신촌동,37.557604,126.936009,0.0
MA010120220800589803,자담치킨 신촌점,주점,0.0,0.0,16.67,0,0,서울특별시 서대문구 연세로7길 14,신촌동,37.557781,126.936051,100.0
MA010120220803740219,맥주바다,주점,0.0,2.0,0.0,0,0,서울특별시 서대문구 연세로7길 14,신촌동,37.557781,126.936051,100.0
MA010120220803061265,히마진,한식,0.0,1.0,0.0,0,0,서울특별시 서대문구 연세로7길 15,신촌동,37.557584,126.935851,100.0
MA010120220814357096,야키토리연,주점,0.0,2.5,14.29,0,0,서울특별시 서대문구 연세로7길 16-5,신촌동,37.557955,126.935872,100.0
MA010120220810656787,크라운호프 신촌점,주점,0.0,0.0,0.0,0,0,서울특별시 서대문구 연세로7길 17,신촌동,37.557547,126.935734,100.0
MA010120220814023984,오퍼스,주점,0.0,0.0,0.0,0,0,서울특별시 서대문구 연세로7길 18,신촌동,37.557795,126.935873,0.0
MA010120220805196279,다트펍 신촌상회,주점,0.0,-0.67,0.0,0,0,서울특별시 서대문구 연세로7길 18,신촌동,37.557795,126.935873,100.0
MA010120220806714992,용용선생 신촌점,주점,0.0,0.0,0.0,0,0,서울특별시 서대문구 연세로7길 20,신촌동,37.557788,126.935731,0.0
MA010120220805221848,단골손님 신촌점,한식,0.0,1.5,0.0,0,0,서울특별시 서대문구 연세로7길 20,신촌동,37.557788,126.935731,80.0
MA010120220808468015,라이프롱드림 코지라운지,한식,0.0,0.0,0.0,0,0,서울특별시 서대문구 연세로7길 21,신촌동,37.557574,126.935642,100.0
MA010120220811490813,중국산서찜면,중식,0.0,0.0,33.33,0,0,서울특별시 서대문구 연세로7길 21,신촌동,37.557574,126.935642,100.0
MA010120220805311102,아무술집 신촌점,한식,0.0,3.0,0.0,0,0,서울특별시 서대문구 연세로7길 21,신촌동,37.557574,126.935642,100.0
MA010120220814272458,사케즈키,주점,0.0,0.33,0.0,0,0,서울특별시 서대문구 연세로7길 23,신촌동,37.55757,126.935539,100.0
MA010120220807069572,보스포차,주점,0.0,-0.32,0.0,0,0,서울특별시 서대문구 연세로7길 25,신촌동,37.557471,126.935359,100.0
MA010120220812939901,역전할머니맥주 신촌점,주점,0.0,-0.54,42.31,0,0,서울특별시 서대문구 연세로7길 25,신촌동,37.557471,126.935359,100.0
MA010120220813229710,다모토리5,주점,0.0,0.0,0.0,0,0,서울특별시 서대문구 연세로7길 25,신촌동,37.557471,126.935359,100.0
MA0101202210A0000273,지코바치킨 신촌점,패스트푸드,0.0,0.0,0.0,0,0,서울특별시 서대문구 연세로7길 25,신촌동,37.557471,126.935359,100.0
MA010120220800105723,1943 신촌점,주점,0.0,3.0,25.0,0,0,서울특별시 서대문구 연세로7길 25,신촌동,37.557471,126.935359,100.0
MA010120220812142543,바 코디얼,한식,0.0,5.0,33.33,0,0,서울특별시 서대문구 연세로7길 26,신촌동,37.557781,126.935309,100.0
MA010120220800602977,동네아저씨 신촌점,패스트푸드,0.0,-0.6,0.0,0,0,서울특별시 서대문구 연세로7길 27,신촌동,37.557561,126.935226,100.0
MA010120220800639882,우드스탁,주점,0.0,0.0,66.67,0,0,서울특별시 서대문구 연세로7길 28-8,신촌동,37.558021,126.935322,100.0
MA010120220810248759,삼미식당 신촌점,주점,0.0,-0.25,8.33,0,0,서울특별시 서대문구 연세로7길 29,신촌동,37.557557,126.935119,83.3
MA010120220812119939,신촌갈매기,한식,0.0,0.0,0.0,0,0,서울특별시 서대문구 연세로7길 30,신촌동,37.557783,126.935166,80.0
MA0101202210A0071454,세븐레드 홀덤펍 신촌점,주점,0.0,0.0,0.0,0,0,서울특별시 서대문구 연세로7길 32,신촌동,37.55777,126.93506,100.0
MA010120220800203460,하우스라운지,주점,0.0,1.0,0.0,0,0,서울특별시 서대문구 연세로7길 32,신촌동,37.55777,126.93506,100.0
MA010120220804543576,만남양꼬치,중식,0.0,3.0,0.0,0,0,서울특별시 서대문구 연세로7길 32,신촌동,37.55777,126.93506,100.0
MA010120220800639531,비틀즈,서양식,0.0,0.0,0.0,0,0,서울특별시 서대문구 연세로7길 34-6,신촌동,37.557942,126.935054,0.0
MA010120220800209489,대박황소곱창,한식,0.0,0.0,25.0,0,0,서울특별시 서대문구 연세로7길 38,신촌동,37.557923,126.934843,100.0
MA010120220800560446,소문난집,한식,0.0,0.0,0.0,0,0,서울특별시 서대문구 연세로7길 38,신촌동,37.557923,126.934843,83.3
MA010120220804760488,다모토리3,주점,0.0,0.0,0.0,0,0,서울특별시 서대문구 연세로7길 28-8,신촌동,37.558021,126.935322,0.0
MA010120220812510374,베이직프라이드치킨 신촌직영점,패스트푸드,0.0,-0.78,0.0,0,0,서울특별시 서대문구 연세로7길 40,신촌동,37.557873,126.934677,100.0
MA010120220809083222,집시포차,주점,0.0,0.0,0.0,0,0,서울특별시 서대문구 연세로7안길 10,신촌동,37.55815,126.936443,0.0
MA010120220800603380,예체능,주점,0.0,-0.5,0.0,0,0,서울특별시 서대문구 연세로7안길 10,신촌동,37.55815,126.936443,100.0
MA010120220801032897,구이마을 2호점,한식,0.0,0.0,0.0,0,0,서울특별시 서대문구 연세로7안길 10,신촌동,37.55815,126.936443,100.0
MA010120220800631918,할리비어 신촌점,주점,0.0,0.0,0.0,0,0,서울특별시 서대문구 연세로7안길 10-1,신촌동,37.558179,126.93619,0.0
MA010120220800639849,소우 오뎅,주점,0.0,-0.63,14.29,0,0,서울특별시 서대문구 연세로7안길 10-1,신촌동,37.558179,126.93619,85.7
