업종,상가업소번호,가게명,키워드
한식,MA010120220800074209,황생가칼국수,만두
한식,MA010120220800074209,황생가칼국수,칼국수
한식,MA010120220800074209,황생가칼국수,구수한
한식,MA010120220800074209,황생가칼국수,국물
한식,MA010120220800074209,황생가칼국수,기다림
한식,MA010120220800074209,황생가칼국수,백김치
한식,MA010120220800074209,황생가칼국수,손님
한식,MA010120220800074209,황생가칼국수,웨이팅
한식,MA010120220800074209,황생가칼국수,직접
한식,MA010120220800074209,황생가칼국수,회전율
카페,MA010120220813131895,호아드 카페&갤러리,친절한
카페,MA010120220813131895,호아드 카페&갤러리,맛있는
카페,MA010120220813131895,호아드 카페&갤러리,분위기
카페,MA010120220813131895,호아드 카페&갤러리,뷰
카페,MA010120220813131895,호아드 카페&갤러리,커피
카페,MA010120220813131895,호아드 카페&갤러리,쿠키
카페,MA010120220813131895,호아드 카페&갤러리,예쁜
카페,MA010120220813131895,호아드 카페&갤러리,노키즈존
카페,MA010120220813131895,호아드 카페&갤러리,갤러리
카페,MA010120220813131895,호아드 카페&갤러리,두번째
한식,MA010120220800002629,향나무세그루,청국장
한식,MA010120220800002629,향나무세그루,반찬
한식,MA010120220800002629,향나무세그루,고기
한식,MA010120220800002629,향나무세그루,김치찌개
한식,MA010120220800002629,향나무세그루,맛있는
한식,MA010120220800002629,향나무세그루,친절한
한식,MA010120220800002629,향나무세그루,사장님
한식,MA010120220800002629,향나무세그루,김치
한식,MA010120220800002629,향나무세그루,불친절한
한식,MA010120220800002629,향나무세그루,나이
카페,MA010120220808352010,행복한 베이커리카페,커피
카페,MA010120220808352010,행복한 베이커리카페,박물관
카페,MA010120220808352010,행복한 베이커리카페,맛있는
카페,MA010120220808352010,행복한 베이커리카페,친절한
카페,MA010120220808352010,행복한 베이커리카페,공간
카페,MA010120220808352010,행복한 베이커리카페,좌석
카페,MA010120220808352010,행복한 베이커리카페,착한
카페,MA010120220808352010,행복한 베이커리카페,저렴한
카페,MA010120220808352010,행복한 베이커리카페,편한
카페,MA010120220808352010,행복한 베이커리카페,분위기
중식,MA010120220800015898,하궁,맛있는
중식,MA010120220800015898,하궁,탕수육
중식,MA010120220800015898,하궁,짜장
중식,MA010120220800015898,하궁,간짜장
중식,MA010120220800015898,하궁,주변
중식,MA010120220800015898,하궁,맛집
중식,MA010120220800015898,하궁,가성비
중식,MA010120220800015898,하궁,중국집
중식,MA010120220800015898,하궁,친구랑
중식,MA010120220800015898,하궁,고소한
카페,MA010120220811689348,피케이엠가든카페,분위기
카페,MA010120220811689348,피케이엠가든카페,공간
카페,MA010120220811689348,피케이엠가든카페,사진
카페,MA010120220811689348,피케이엠가든카페,자리
카페,MA010120220811689348,피케이엠가든카페,예약
카페,MA010120220811689348,피케이엠가든카페,예쁜
카페,MA010120220811689348,피케이엠가든카페,샐러드
카페,MA010120220811689348,피케이엠가든카페,기대한
카페,MA010120220811689348,피케이엠가든카페,화이트
카페,MA010120220811689348,피케이엠가든카페,뷰
서양식,MA010120220800032385,플로라,피자
서양식,MA010120220800032385,플로라,분위기
서양식,MA010120220800032385,플로라,맛있는
서양식,MA010120220800032385,플로라,파스타
서양식,MA010120220800032385,플로라,그릇
서양식,MA010120220800032385,플로라,귀한
서양식,MA010120220800032385,플로라,고즈넉한
서양식,MA010120220800032385,플로라,리조토
서양식,MA010120220800032385,플로라,루꼴라
서양식,MA010120220800032385,플로라,도우
카페,MA010120220808109821,프레스도넛 북촌다방점,도넛
카페,MA010120220808109821,프레스도넛 북촌다방점,맛있는
카페,MA010120220808109821,프레스도넛 북촌다방점,커피
카페,MA010120220808109821,프레스도넛 북촌다방점,저렴한
카페,MA010120220808109821,프레스도넛 북촌다방점,친절한
카페,MA010120220808109821,프레스도넛 북촌다방점,달지않은
카페,MA010120220808109821,프레스도넛 북촌다방점,멋진
카페,MA010120220808109821,프레스도넛 북촌다방점,맛있는 도넛
카페,MA010120220808109821,프레스도넛 북촌다방점,브륄레
카페,MA010120220808109821,프레스도넛 북촌다방점,보리차
카페,MA010120220812383243,푸드떼,파르페
카페,MA010120220812383243,푸드떼,분위기
카페,MA010120220812383243,푸드떼,차
카페,MA010120220812383243,푸드떼,맛있는
카페,MA010120220812383243,푸드떼,디저트
카페,MA010120220812383243,푸드떼,친절한
카페,MA010120220812383243,푸드떼,추천하는
카페,MA010120220812383243,푸드떼,따뜻한
카페,MA010120220812383243,푸드떼,말차
카페,MA010120220812383243,푸드떼,한옥카페
한식,MA010120220800023368,편안한집,정갈한
한식,MA010120220800023368,편안한집,친절한
한식,MA010120220800023368,편안한집,추천하는
한식,MA010120220800023368,편안한집,맛있는
한식,MA010120220800023368,편안한집,정식
한식,MA010120220800023368,편안한집,깔끔한
한식,MA010120220800023368,편안한집,주차
한식,MA010120220800023368,편안한집,한정식
한식,MA010120220800023368,편안한집,부모님
한식,MA010120220800023368,편안한집,만족하는
서양식,MA010120220812085884,팔발라 삼청본점,맛있는
서양식,MA010120220812085884,팔발라 삼청본점,분위기
서양식,MA010120220812085884,팔발라 삼청본점,예쁜
서양식,MA010120220812085884,팔발라 삼청본점,아쉬운
서양식,MA010120220812085884,팔발라 삼청본점,친절한
서양식,MA010120220812085884,팔발라 삼청본점,커피
서양식,MA010120220812085884,팔발라 삼청본점,와인
서양식,MA010120220812085884,팔발라 삼청본점,파스타
서양식,MA010120220812085884,팔발라 삼청본점,샐러드
서양식,MA010120220812085884,팔발라 삼청본점,인테리어
카페,MA010120220800028746,파툼,뷰
카페,MA010120220800028746,파툼,루프탑
카페,MA010120220800028746,파툼,손님
카페,MA010120220800028746,파툼,화장실
카페,MA010120220800028746,파툼,별로
카페,MA010120220800028746,파툼,인테리어
카페,MA010120220800028746,파툼,인지도
카페,MA010120220800028746,파툼,영업
카페,MA010120220800028746,파툼,분위기
카페,MA010120220800028746,파툼,정수기
카페,MA010120220813194031,파인콘,커피
카페,MA010120220813194031,파인콘,분위기
카페,MA010120220813194031,파인콘,귤청
카페,MA010120220813194031,파인콘,시그니처
카페,MA010120220813194031,파인콘,아늑한
카페,MA010120220813194031,파인콘,시그니처 귤청
카페,MA010120220813194031,파인콘,맛있는
카페,MA010120220813194031,파인콘,고풍스러운
카페,MA010120220813568889,티테라피,차
카페,MA010120220813568889,티테라피,맛있는
카페,MA010120220813568889,티테라피,다양한
카페,MA010120220813568889,티테라피,티
카페,MA010120220813568889,티테라피,분위기
카페,MA010120220813568889,티테라피,힐링
카페,MA010120220813568889,티테라피,선택
카페,MA010120220813568889,티테라피,생화
카페,MA010120220813568889,티테라피,종류
카페,MA010120220813568889,티테라피,건강한
주점,MA0101202210A0083421,탈스티,와인
주점,MA0101202210A0083421,탈스티,사장님
주점,MA0101202210A0083421,탈스티,친절한
주점,MA0101202210A0083421,탈스티,분위기
주점,MA0101202210A0083421,탈스티,추천하는
주점,MA0101202210A0083421,탈스티,어울리는
주점,MA0101202210A0083421,탈스티,예쁜
주점,MA0101202210A0083421,탈스티,인테리어
주점,MA0101202210A0083421,탈스티,오렌지
주점,MA0101202210A0083421,탈스티,맛있는
일식,MA010120220808087786,키즈나,점심
일식,MA010120220808087786,키즈나,스시
일식,MA010120220808087786,키즈나,맛있는
일식,MA010120220808087786,키즈나,분위기
일식,MA010120220808087786,키즈나,감칠맛
일식,MA010120220808087786,키즈나,깔끔한
일식,MA010120220808087786,키즈나,밸런스
일식,MA010120220808087786,키즈나,위치
일식,MA010120220808087786,키즈나,공간
일식,MA010120220808087786,키즈나,샤리
카페,MA010120220810177316,퀸즈베이커리 삼청점,맛있는
카페,MA010120220810177316,퀸즈베이커리 삼청점,커피
카페,MA010120220810177316,퀸즈베이커리 삼청점,빵
카페,MA010120220810177316,퀸즈베이커리 삼청점,넓은
카페,MA010120220810177316,퀸즈베이커리 삼청점,예쁜
카페,MA010120220810177316,퀸즈베이커리 삼청점,소금빵
카페,MA010120220810177316,퀸즈베이커리 삼청점,테라스
카페,MA010120220810177316,퀸즈베이커리 삼청점,분위기
카페,MA010120220810177316,퀸즈베이커리 삼청점,인테리어
카페,MA010120220810177316,퀸즈베이커리 삼청점,자리
카페,1120,퀸넬브릴 삼청,디저트
카페,1120,퀸넬브릴 삼청,맛있는
카페,1120,퀸넬브릴 삼청,커피
카페,1120,퀸넬브릴 삼청,예쁜
카페,1120,퀸넬브릴 삼청,조용한
카페,1120,퀸넬브릴 삼청,뷰
카페,1120,퀸넬브릴 삼청,인테리어
카페,1120,퀸넬브릴 삼청,분위기
카페,1120,퀸넬브릴 삼청,멋진
카페,1120,퀸넬브릴 삼청,외관
패스트푸드,MA010120220812957075,콜디우드 안국,카카오
패스트푸드,MA010120220812957075,콜디우드 안국,인테리어
패스트푸드,MA010120220812957075,콜디우드 안국,커피
패스트푸드,MA010120220812957075,콜디우드 안국,맛있는
패스트푸드,MA010120220812957075,콜디우드 안국,친절한
패스트푸드,MA010120220812957075,콜디우드 안국,예쁜
패스트푸드,MA010120220812957075,콜디우드 안국,사진
패스트푸드,MA010120220812957075,콜디우드 안국,시그니처
패스트푸드,MA010120220812957075,콜디우드 안국,크림
패스트푸드,MA010120220812957075,콜디우드 안국,플랫
카페,MA010120220810300033,코피발리안국점,로스팅
카페,MA010120220810300033,코피발리안국점,타르트
카페,MA010120220810300033,코피발리안국점,차분한
카페,MA010120220810300033,코피발리안국점,친절한
카페,MA010120220810300033,코피발리안국점,최고급 생두
카페,MA010120220810300033,코피발리안국점,인도네시아
카페,MA010120220810300033,코피발리안국점,원두
카페,MA010120220810300033,코피발리안국점,조용한
카페,MA010120220810300033,코피발리안국점,직접
카페,MA010120220810300033,코피발리안국점,특별한
카페,MA010120220808520136,커피인뜨락,예쁜
카페,MA010120220808520136,커피인뜨락,분위기
카페,MA010120220808520136,커피인뜨락,여름
카페,MA010120220808520136,커피인뜨락,예쁜 외관
카페,MA010120220808520136,커피인뜨락,외관
카페,MA010120220808520136,커피인뜨락,커피
카페,MA010120220808520136,커피인뜨락,꽃차
카페,MA010120220808520136,커피인뜨락,대화
카페,MA010120220808520136,커피인뜨락,앤틱
카페,MA010120220808520136,커피인뜨락,소품
카페,MA010120220800032118,커피브론즈,케이크
카페,MA010120220800032118,커피브론즈,딸기
카페,MA010120220800032118,커피브론즈,커피
카페,MA010120220800032118,커피브론즈,맛있는
카페,MA010120220800032118,커피브론즈,웨이팅
카페,MA010120220800032118,커피브론즈,오픈런
카페,MA010120220800032118,커피브론즈,친절한
카페,MA010120220800032118,커피브론즈,평일
카페,MA010120220800032118,커피브론즈,기다림
카페,MA010120220800032118,커피브론즈,카푸치노
카페,MA010120220804316138,커피방앗간,커피
카페,MA010120220804316138,커피방앗간,분위기
카페,MA010120220804316138,커피방앗간,불친절한
카페,MA010120220804316138,커피방앗간,소소한
카페,MA010120220804316138,커피방앗간,자리
카페,MA010120220804316138,커피방앗간,정독도서관
카페,MA010120220804316138,커피방앗간,친절한
카페,MA010120220804316138,커피방앗간,강렬한
카페,MA010120220804316138,커피방앗간,고흐 그림
카페,MA010120220804316138,커피방앗간,그림
카페,MA010120220800032298,커피로드102,타르트
카페,MA010120220800032298,커피로드102,화장실
카페,MA010120220800032298,커피로드102,깨끗한
카페,MA010120220800032298,커피로드102,비싼
카페,MA010120220800032298,커피로드102,특별한
카페,MA010120220800032298,커피로드102,커피
카페,MA010120220800032298,커피로드102,친철
카페,MA010120220800032298,커피로드102,사장님
카페,MA010120220800032298,커피로드102,맥주
카페,MA010120220800032298,커피로드102,아늑한
카페,MA010120220800023963,커피 팩토리,맛있는
카페,MA010120220800023963,커피 팩토리,커피
카페,MA010120220800023963,커피 팩토리,대화
카페,MA010120220800023963,커피 팩토리,넓은
카페,MA010120220800023963,커피 팩토리,디저트
카페,MA010120220800023963,커피 팩토리,케이크
카페,MA010120220800023963,커피 팩토리,바닐라라떼
카페,MA010120220800023963,커피 팩토리,좌석
카페,MA010120220800023963,커피 팩토리,친절한
카페,MA010120220800023963,커피 팩토리,화장실
카페,MA010120220813948097,카페호미,커피
카페,MA010120220813948097,카페호미,작은
카페,MA010120220813948097,카페호미,향
카페,MA010120220813948097,카페호미,커피 향
카페,MA010120220813948097,카페호미,친절한
카페,MA010120220813948097,카페호미,싼 가격
카페,MA010120220813948097,카페호미,사장님
카페,MA010120220813948097,카페호미,맛있는
카페,MA010120220813948097,카페호미,대화
카페,MA010120220813948097,카페호미,경복궁
카페,MA010120220812103966,카페포엠 북촌점,맛있는
카페,MA010120220812103966,카페포엠 북촌점,에그타르트
카페,MA010120220812103966,카페포엠 북촌점,비싼
카페,MA010120220812103966,카페포엠 북촌점,커피
카페,MA010120220812103966,카페포엠 북촌점,케이크
카페,MA010120220812103966,카페포엠 북촌점,화장실
카페,MA010120220812103966,카페포엠 북촌점,친절한
카페,MA010120220812103966,카페포엠 북촌점,분위기
카페,MA010120220812103966,카페포엠 북촌점,편한
카페,MA010120220812103966,카페포엠 북촌점,맛집
카페,MA010120220810888510,카페진선,커피
카페,MA010120220810888510,카페진선,야외
카페,MA010120220810888510,카페진선,그림
카페,MA010120220810888510,카페진선,친절한
카페,MA010120220810888510,카페진선,테라스
카페,MA010120220810888510,카페진선,편한
카페,MA010120220810888510,카페진선,예쁜
카페,MA010120220810888510,카페진선,분위기
카페,MA010120220810888510,카페진선,맛있는
카페,MA010120220810888510,카페진선,따뜻한
카페,MA010120220811690627,카페죠꽁드,맛있는
카페,MA010120220811690627,카페죠꽁드,자리
카페,MA010120220811690627,카페죠꽁드,케이크
카페,MA010120220811690627,카페죠꽁드,친절한
카페,MA010120220811690627,카페죠꽁드,사장님
카페,MA010120220811690627,카페죠꽁드,브라우니
카페,MA010120220811690627,카페죠꽁드,분위기
카페,MA010120220811690627,카페죠꽁드,뷰
카페,MA010120220811690627,카페죠꽁드,고즈넉한
카페,MA010120220811690627,카페죠꽁드,부드러운
카페,MA010120220800037739,카페이드라,아늑한
카페,MA010120220800037739,카페이드라,친절한
카페,MA010120220800037739,카페이드라,커피
카페,MA010120220800037739,카페이드라,맛있는
카페,MA010120220800037739,카페이드라,드립커피
카페,MA010120220800037739,카페이드라,사장님
카페,MA010120220800037739,카페이드라,원두
카페,MA010120220800037739,카페이드라,맛있는 드립커피
카페,MA010120220800037739,카페이드라,핸드드립
카페,MA010120220800037739,카페이드라,향
카페,MA010120220803457302,카페로쏘,커피
카페,MA010120220803457302,카페로쏘,분위기
카페,MA010120220803457302,카페로쏘,맛있는
카페,MA010120220803457302,카페로쏘,아늑한
카페,MA010120220803457302,카페로쏘,인테리어
카페,MA010120220803457302,카페로쏘,글로리
카페,MA010120220803457302,카페로쏘,맛있는 커피
카페,MA010120220803457302,카페로쏘,예쁜
카페,MA010120220803457302,카페로쏘,촬영 장소
카페,MA010120220803457302,카페로쏘,대화
카페,MA010120220803313655,카페다겸,맛있는
카페,MA010120220803313655,카페다겸,커피
카페,MA010120220803313655,카페다겸,달다
카페,MA010120220803313655,카페다겸,사장님
카페,MA010120220803313655,카페다겸,넓은
카페,MA010120220803313655,카페다겸,예쁜
카페,MA010120220803313655,카페다겸,만족하는
카페,MA010120220803313655,카페다겸,아늑한
카페,MA010120220803313655,카페다겸,씁쓰름한
카페,MA010120220803313655,카페다겸,스타일
카페,MA010120220804913215,카페3청,커피
카페,MA010120220804913215,카페3청,사장님
카페,MA010120220804913215,카페3청,친절한
카페,MA010120220804913215,카페3청,분위기
카페,MA010120220804913215,카페3청,음악
카페,MA010120220804913215,카페3청,맛있는
카페,MA010120220804913215,카페3청,그림
카페,MA010120220804913215,카페3청,갤러리
카페,MA010120220804913215,카페3청,리필
카페,MA010120220804913215,카페3청,밀크티
한식,MA010120220811199992,청수정,맛있는
한식,MA010120220811199992,청수정,홍합
한식,MA010120220811199992,청수정,밥
한식,MA010120220811199992,청수정,정식
한식,MA010120220811199992,청수정,비빔밥
한식,MA010120220811199992,청수정,가성비
한식,MA010120220811199992,청수정,정갈한
한식,MA010120220811199992,청수정,반찬
한식,MA010120220811199992,청수정,신선한
한식,MA010120220811199992,청수정,양
한식,MA010120220811199145,청국장밥,청국장
한식,MA010120220811199145,청국장밥,맛있는
한식,MA010120220811199145,청국장밥,깔끔한
한식,MA010120220811199145,청국장밥,아쉬운
한식,MA010120220811199145,청국장밥,코다리
한식,MA010120220811199145,청국장밥,싱거운
한식,MA010120220811199145,청국장밥,반찬
한식,MA010120220811199145,청국장밥,돈까스
한식,MA010120220811199145,청국장밥,평범한
한식,MA010120220811199145,청국장밥,진한
카페,MA010120220804396752,차향기 듣는 집,대추차
카페,MA010120220804396752,차향기 듣는 집,친절한
카페,MA010120220804396752,차향기 듣는 집,대화
카페,MA010120220804396752,차향기 듣는 집,분위기
카페,MA010120220804396752,차향기 듣는 집,사장님
카페,MA010120220804396752,차향기 듣는 집,편한
카페,MA010120220804396752,차향기 듣는 집,서비스
카페,MA010120220804396752,차향기 듣는 집,좋은 분위기
카페,MA010120220804396752,차향기 듣는 집,조용한
카페,MA010120220804396752,차향기 듣는 집,진한
한식,MA010120220800037960,진성옛날소머리국밥집,국물
한식,MA010120220800037960,진성옛날소머리국밥집,맛있는
한식,MA010120220800037960,진성옛날소머리국밥집,국밥
한식,MA010120220800037960,진성옛날소머리국밥집,고기
한식,MA010120220800037960,진성옛날소머리국밥집,청결한
한식,MA010120220800037960,진성옛날소머리국밥집,청결한 국밥
한식,MA010120220800037960,진성옛날소머리국밥집,맛있는 국밥
한식,MA010120220800037960,진성옛날소머리국밥집,맛있는 국물
한식,MA010120220800037960,진성옛날소머리국밥집,맑은
카페,MA010120220800034358,지유가오카핫초메 삼청점,케이크
카페,MA010120220800034358,지유가오카핫초메 삼청점,맛있는
카페,MA010120220800034358,지유가오카핫초메 삼청점,커피
카페,MA010120220800034358,지유가오카핫초메 삼청점,딸기
카페,MA010120220800034358,지유가오카핫초메 삼청점,생크림
카페,MA010120220800034358,지유가오카핫초메 삼청점,시트
카페,MA010120220800034358,지유가오카핫초메 삼청점,디저트
카페,MA010120220800034358,지유가오카핫초메 삼청점,분위기
카페,MA010120220800034358,지유가오카핫초메 삼청점,조용한
카페,MA010120220800034358,지유가오카핫초메 삼청점,촉촉한
카페,MA010120220800032823,지밥,사장님
카페,MA010120220800032823,지밥,아담한
카페,MA010120220800032823,지밥,커피
카페,MA010120220800032823,지밥,아이스아메리카노
카페,MA010120220800032823,지밥,새해
카페,MA010120220800032823,지밥,눈길 가는
카페,MA010120220800032823,지밥,맛있는
카페,MA010120220800032823,지밥,맛있는 아이스아메리카노
카페,MA010120220800032823,지밥,커피 맛
카페,MA010120220800032823,지밥,북촌 구경
한식,MA010120220800099165,종로삼대복집,저녁
한식,MA010120220800099165,종로삼대복집,분위기
한식,MA010120220800099165,종로삼대복집,간판
한식,MA010120220800099165,종로삼대복집,복국
한식,MA010120220800099165,종로삼대복집,복지리
한식,MA010120220800099165,종로삼대복집,맛있는 복국
한식,MA010120220800099165,종로삼대복집,맛있는
분식,MA010120220800034932,조선김밥,김밥
분식,MA010120220800034932,조선김밥,맛있는
분식,MA010120220800034932,조선김밥,나물
분식,MA010120220800034932,조선김밥,와사비 김밥
분식,MA010120220800034932,조선김밥,미역국
분식,MA010120220800034932,조선김밥,국수
분식,MA010120220800034932,조선김밥,깔끔한
분식,MA010120220800034932,조선김밥,비지
분식,MA010120220800034932,조선김밥,오뎅
분식,MA010120220800034932,조선김밥,국물
동남아시아,MA010120220813606455,제이네,분위기
동남아시아,MA010120220813606455,제이네,예약
동남아시아,MA010120220813606455,제이네,코스
동남아시아,MA010120220813606455,제이네,친절한
동남아시아,MA010120220813606455,제이네,설명
동남아시아,MA010120220813606455,제이네,조용한
동남아시아,MA010120220813606455,제이네,맛있는
동남아시아,MA010120220813606455,제이네,배부른
동남아시아,MA010120220813606455,제이네,스테이크
동남아시아,MA010120220813606455,제이네,라비올리
카페,MA010120220800223084,자작나무이야기,맛있는
카페,MA010120220800223084,자작나무이야기,빙수
카페,MA010120220800223084,자작나무이야기,팥빙수
카페,MA010120220800223084,자작나무이야기,분위기
카페,MA010120220800223084,자작나무이야기,대추차
카페,MA010120220800223084,자작나무이야기,예쁜
카페,MA010120220800223084,자작나무이야기,아기자기한
카페,MA010120220800223084,자작나무이야기,친절한
카페,MA010120220800223084,자작나무이야기,커피
카페,MA010120220800223084,자작나무이야기,우유빙수
한식,MA010120220804973191,이화돈까스,맛있는
한식,MA010120220804973191,이화돈까스,돈까스
한식,MA010120220804973191,이화돈까스,밥
한식,MA010120220804973191,이화돈까스,셀프
한식,MA010120220804973191,이화돈까스,볶음우동
한식,MA010120220804973191,이화돈까스,우동
한식,MA010120220804973191,이화돈까스,친절한
한식,MA010120220804973191,이화돈까스,해물
한식,MA010120220804973191,이화돈까스,공기밥
한식,MA010120220804973191,이화돈까스,맛있는 돈까스
카페,MA010120220812113355,이니미니마니모,맛있는
카페,MA010120220812113355,이니미니마니모,커피
카페,MA010120220812113355,이니미니마니모,친절한
카페,MA010120220812113355,이니미니마니모,사장님
카페,MA010120220812113355,이니미니마니모,인테리어
카페,MA010120220812113355,이니미니마니모,디저트
카페,MA010120220812113355,이니미니마니모,한옥
카페,MA010120220812113355,이니미니마니모,작은
카페,MA010120220812113355,이니미니마니모,예쁜
카페,MA010120220812113355,이니미니마니모,독특한
한식,MA010120220805030537,은설설렁탕,깔끔한
한식,MA010120220805030537,은설설렁탕,설렁탕
한식,MA010120220805030537,은설설렁탕,육개장
한식,MA010120220805030537,은설설렁탕,맛있는
한식,MA010120220805030537,은설설렁탕,국물
한식,MA010120220805030537,은설설렁탕,깍두기
한식,MA010120220805030537,은설설렁탕,조미료
한식,MA010120220805030537,은설설렁탕,테이블
한식,MA010120220805030537,은설설렁탕,한옥
한식,MA010120220805030537,은설설렁탕,수육
카페,1121,월하보이,보이차
카페,1121,월하보이,느린
카페,1121,월하보이,휴가
카페,1121,월하보이,바쁜
카페,1121,월하보이,두번째
카페,1121,월하보이,다양한
카페,1121,월하보이,기일
카페,1121,월하보이,경험
카페,1121,월하보이,빠른
카페,1121,월하보이,설명
카페,1108,월영당 서울,맛있는
카페,1108,월영당 서울,커피
카페,1108,월영당 서울,쑥떡쉐이크
카페,1108,월영당 서울,분위기
카페,1108,월영당 서울,디저트
카페,1108,월영당 서울,대마라떼
카페,1108,월영당 서울,마들렌
카페,1108,월영당 서울,진한
카페,1108,월영당 서울,파이
카페,1108,월영당 서울,시그니처
카페,MA010120220813876201,와이엔,디저트
카페,MA010120220813876201,와이엔,화장실
카페,MA010120220813876201,와이엔,독특한
카페,MA010120220813876201,와이엔,불편한
카페,MA010120220813876201,와이엔,커피
카페,MA010120220813876201,와이엔,화이트
카페,MA010120220813876201,와이엔,힙한
카페,MA010120220813876201,와이엔,예쁜
카페,MA010120220813876201,와이엔,언제나
카페,MA010120220813876201,와이엔,인테리어
주점,MA010120220814053226,와옥,분위기
주점,MA010120220814053226,와옥,칵테일
주점,MA010120220814053226,와옥,친절한
주점,MA010120220814053226,와옥,한옥
주점,MA010120220814053226,와옥,즐거운
주점,MA010120220814053226,와옥,즐기는
주점,MA010120220814053226,와옥,안주
주점,MA010120220814053226,와옥,공간
주점,MA010120220814053226,와옥,좋은 분위기
주점,MA010120220814053226,와옥,인테리어
한식,MA010120220806899504,온마을,맛있는
한식,MA010120220806899504,온마을,김치
한식,MA010120220806899504,온마을,두부
한식,MA010120220806899504,온마을,사장님
한식,MA010120220806899504,온마을,두부전골
한식,MA010120220806899504,온마을,정갈한
한식,MA010120220806899504,온마을,친절한
한식,MA010120220806899504,온마을,편한
한식,MA010120220806899504,온마을,밥
한식,MA010120220806899504,온마을,구수한
카페,MA010120220800069263,온더그라운드,맛있는
카페,MA010120220800069263,온더그라운드,커피
카페,MA010120220800069263,온더그라운드,넓은
카페,MA010120220800069263,온더그라운드,분위기
카페,MA010120220800069263,온더그라운드,친절한
카페,MA010120220800069263,온더그라운드,비싼
카페,MA010120220800069263,온더그라운드,사장님
카페,MA010120220800069263,온더그라운드,공간
카페,MA010120220800069263,온더그라운드,인테리어
카페,MA010120220800069263,온더그라운드,다양한
한식,MA010120220804339315,온6.5,분위기
한식,MA010120220804339315,온6.5,김치
한식,MA010120220804339315,온6.5,맛있는
한식,MA010120220804339315,온6.5,친절한
한식,MA010120220804339315,온6.5,김치튀김
한식,MA010120220804339315,온6.5,술
한식,MA010120220804339315,온6.5,아쉬운
한식,MA010120220804339315,온6.5,안주
한식,MA010120220804339315,온6.5,특별한
한식,MA010120220804339315,온6.5,테이블
한식,MA010120220800009778,오복당,순두부
한식,MA010120220800009778,오복당,명란
한식,MA010120220800009778,오복당,맛있는
한식,MA010120220800009778,오복당,메리트 없다
한식,MA010120220800009778,오복당,대기
한식,MA010120220800009778,오복당,청국장
한식,MA010120220800009778,오복당,두부찌개
한식,MA010120220800009778,오복당,맥주
한식,MA010120220800009778,오복당,맛집
한식,MA010120220800009778,오복당,돼지불백
카페,MA010120220800031284,오뉴하우스,맛있는
카페,MA010120220800031284,오뉴하우스,커피
카페,MA010120220800031284,오뉴하우스,친절한
카페,MA010120220800031284,오뉴하우스,딸기
카페,MA010120220800031284,오뉴하우스,파르페
카페,MA010120220800031284,오뉴하우스,인테리어
카페,MA010120220800031284,오뉴하우스,분위기
카페,MA010120220800031284,오뉴하우스,크림
카페,MA010120220800031284,오뉴하우스,멋진
카페,MA010120220800031284,오뉴하우스,케이크
서양식,MA010120220811926927,연남토마 북촌점,맛있는
서양식,MA010120220811926927,연남토마 북촌점,파스타
서양식,MA010120220811926927,연남토마 북촌점,웨이팅
서양식,MA010120220811926927,연남토마 북촌점,덮밥
서양식,MA010120220811926927,연남토마 북촌점,테이블
서양식,MA010120220811926927,연남토마 북촌점,좁은
서양식,MA010120220811926927,연남토마 북촌점,친절한
서양식,MA010120220811926927,연남토마 북촌점,중화
서양식,MA010120220811926927,연남토마 북촌점,차돌
서양식,MA010120220811926927,연남토마 북촌점,느끼한
주점,MA010120220802933845,언코르크드,분위기
주점,MA010120220802933845,언코르크드,맛있는
주점,MA010120220802933845,언코르크드,와인
주점,MA010120220802933845,언코르크드,뇨끼
주점,MA010120220802933845,언코르크드,친절한
주점,MA010120220802933845,언코르크드,좋은 분위기
주점,MA010120220802933845,언코르크드,추천하는
주점,MA010120220802933845,언코르크드,떡볶이
주점,MA010120220802933845,언코르크드,친구랑
주점,MA010120220802933845,언코르크드,예약
주점,MA010120220805518407,아트마,분위기
주점,MA010120220805518407,아트마,브점심
주점,MA010120220805518407,아트마,맛있는
주점,MA010120220805518407,아트마,좋은 분위기
주점,MA010120220805518407,아트마,팬케이크
주점,MA010120220805518407,아트마,조용한
주점,MA010120220805518407,아트마,저녁
주점,MA010120220805518407,아트마,주류
주점,MA010120220805518407,아트마,신청곡
주점,MA010120220805518407,아트마,아쉬운
카페,MA010120220806740836,아재커피 삼청점,가성비
카페,MA010120220806740836,아재커피 삼청점,커피
카페,MA010120220806740836,아재커피 삼청점,딸기철
카페,MA010120220806740836,아재커피 삼청점,맛있는
카페,MA010120220806740836,아재커피 삼청점,저렴한
카페,MA010120220806740836,아재커피 삼청점,시즌메뉴
카페,MA010120220806740836,아재커피 삼청점,적당한
카페,MA010120220806740836,아재커피 삼청점,토스트
카페,MA010120220806740836,아재커피 삼청점,테이크아웃
카페,MA010120220806740836,아재커피 삼청점,양
카페,1127,아다지에토,음악
카페,1127,아다지에토,멋진
카페,1127,아다지에토,친절한
카페,1127,아다지에토,커피
카페,1127,아다지에토,그림
카페,1127,아다지에토,사장님
카페,1127,아다지에토,맛있는
카페,1127,아다지에토,분위기
카페,1127,아다지에토,클래식
카페,1127,아다지에토,브라우니
카페,MA010120220808148367,신일룡의 호두파이,겉바속촉
카페,MA010120220808148367,신일룡의 호두파이,간판
카페,MA010120220808148367,신일룡의 호두파이,파이
카페,MA010120220808148367,신일룡의 호두파이,종류
카페,MA010120220808148367,신일룡의 호두파이,맛있는
카페,MA010120220808148367,신일룡의 호두파이,적당한
카페,MA010120220808148367,신일룡의 호두파이,맛집
카페,MA010120220808148367,신일룡의 호두파이,호두 파이
카페,MA010120220808148367,신일룡의 호두파이,호두파이 맛집
카페,MA010120220808148367,신일룡의 호두파이,호두파이
한식,MA010120220800658023,시래기담은,친절한
한식,MA010120220800658023,시래기담은,맛있는
한식,MA010120220800658023,시래기담은,건강한
한식,MA010120220800658023,시래기담은,사장님
한식,MA010120220800658023,시래기담은,정갈한
한식,MA010120220800658023,시래기담은,깔끔한
한식,MA010120220800658023,시래기담은,추천하는
한식,MA010120220800658023,시래기담은,신선한
한식,MA010120220800658023,시래기담은,부모님
한식,MA010120220800658023,시래기담은,예약
카페,MA010120220810961733,슬로우파크,맛있는
카페,MA010120220810961733,슬로우파크,분위기
카페,MA010120220810961733,슬로우파크,화덕 떡볶이
카페,MA010120220810961733,슬로우파크,피자
카페,MA010120220810961733,슬로우파크,커피
카페,MA010120220810961733,슬로우파크,인테리어
카페,MA010120220810961733,슬로우파크,브점심
카페,MA010120220810961733,슬로우파크,떡볶이
카페,MA010120220810961733,슬로우파크,친절한
카페,MA010120220810961733,슬로우파크,특별한
서양식,MA010120220800016575,스미스가좋아하는한옥,맛있는
서양식,MA010120220800016575,스미스가좋아하는한옥,분위기
서양식,MA010120220800016575,스미스가좋아하는한옥,친절한
서양식,MA010120220800016575,스미스가좋아하는한옥,예쁜
서양식,MA010120220800016575,스미스가좋아하는한옥,파스타
서양식,MA010120220800016575,스미스가좋아하는한옥,피자
서양식,MA010120220800016575,스미스가좋아하는한옥,인테리어
서양식,MA010120220800016575,스미스가좋아하는한옥,비싼
서양식,MA010120220800016575,스미스가좋아하는한옥,한옥
서양식,MA010120220800016575,스미스가좋아하는한옥,모임
서양식,MA010120220808676069,스미스가 좋아하는 테라스,맛있는
서양식,MA010120220808676069,스미스가 좋아하는 테라스,브점심
서양식,MA010120220808676069,스미스가 좋아하는 테라스,넓은
서양식,MA010120220808676069,스미스가 좋아하는 테라스,분위기
서양식,MA010120220808676069,스미스가 좋아하는 테라스,친절한
서양식,MA010120220808676069,스미스가 좋아하는 테라스,세트
서양식,MA010120220808676069,스미스가 좋아하는 테라스,커피
서양식,MA010120220808676069,스미스가 좋아하는 테라스,더운
서양식,MA010120220808676069,스미스가 좋아하는 테라스,마스크
서양식,MA010120220808676069,스미스가 좋아하는 테라스,맥주
카페,MA010120220808080068,스몰하우스카페,커피
카페,MA010120220808080068,스몰하우스카페,가성비
카페,MA010120220808080068,스몰하우스카페,가성비 좋은
카페,MA010120220808080068,스몰하우스카페,작은
카페,MA010120220808080068,스몰하우스카페,아메리카노
카페,MA010120220808080068,스몰하우스카페,테이크아웃
카페,MA010120220808080068,스몰하우스카페,맛있는
카페,MA010120220808080068,스몰하우스카페,시원한
카페,MA010120220808080068,스몰하우스카페,편한
카페,MA010120220808080068,스몰하우스카페,편리한
한식,MA010120220805222151,소현당,국밥
한식,MA010120220805222151,소현당,점심
한식,MA010120220805222151,소현당,장소
한식,MA010120220805222151,소현당,운영되는
한식,MA010120220805222151,소현당,우거지
한식,MA010120220805222151,소현당,작은
한식,MA010120220805222151,소현당,운치있는
한식,MA010120220805222151,소현당,신기한
한식,MA010120220805222151,소현당,막걸리
한식,MA010120220805222151,소현당,드라마
한식,MA010120220807721655,소온table,파스타
한식,MA010120220807721655,소온table,맛집
한식,MA010120220807721655,소온table,맛있는
한식,MA010120220807721655,소온table,닭가슴살
한식,MA010120220807721655,소온table,와인
한식,MA010120220807721655,소온table,인테리어
한식,MA010120220807721655,소온table,갈릭 오일 파스타
한식,MA010120220807721655,소온table,분위기
한식,MA010120220807721655,소온table,부족한
한식,MA010120220807721655,소온table,라비올리
한식,MA010120220806491125,소선재,정갈한
한식,MA010120220806491125,소선재,분위기
한식,MA010120220806491125,소선재,맛있는
한식,MA010120220806491125,소선재,친절한
한식,MA010120220806491125,소선재,가족이랑
한식,MA010120220806491125,소선재,깔끔한
한식,MA010120220806491125,소선재,반찬
한식,MA010120220806491125,소선재,손님
한식,MA010120220806491125,소선재,별로
한식,MA010120220806491125,소선재,부족한
카페,MA010120220806497802,소격동60,맛있는
카페,MA010120220806497802,소격동60,사장님
카페,MA010120220806497802,소격동60,친절한
카페,MA010120220806497802,소격동60,커피
카페,MA010120220806497802,소격동60,독특한
카페,MA010120220806497802,소격동60,인테리어
카페,MA010120220806497802,소격동60,요거트
카페,MA010120220806497802,소격동60,진한
카페,MA010120220806497802,소격동60,주말
카페,MA010120220806497802,소격동60,조용한
한식,MA010120220800001519,서울풍경,반찬
한식,MA010120220800001519,서울풍경,떡볶이
한식,MA010120220800001519,서울풍경,가성비
한식,MA010120220800001519,서울풍경,맛있는
한식,MA010120220800001519,서울풍경,리필
한식,MA010120220800001519,서울풍경,맛집
한식,MA010120220800001519,서울풍경,밥
한식,MA010120220800001519,서울풍경,따뜻한
한식,MA010120220800001519,서울풍경,김치
한식,MA010120220800001519,서울풍경,고기
한식,MA010120220803016715,삼청순대국추어탕,북악산
한식,MA010120220803016715,삼청순대국추어탕,점심
한식,MA010120220803016715,삼청순대국추어탕,맛있는
한식,MA010120220803016715,삼청순대국추어탕,아침
한식,MA010120220803016715,삼청순대국추어탕,북악산 탐방
한식,MA010120220803016715,삼청순대국추어탕,추어탕
한식,MA010120220803016715,삼청순대국추어탕,청와대
한식,MA010120220803016715,삼청순대국추어탕,든든한
한식,MA010120220803016715,삼청순대국추어탕,순대국
한식,MA010120220803016715,삼청순대국추어탕,든든한 점심
카페,MA010120220801049024,삼청빙수,빙수
카페,MA010120220801049024,삼청빙수,맛있는
카페,MA010120220801049024,삼청빙수,작은
카페,MA010120220801049024,삼청빙수,팥
카페,MA010120220801049024,삼청빙수,그릇
카페,MA010120220801049024,삼청빙수,비싼
카페,MA010120220801049024,삼청빙수,예쁜
카페,MA010120220801049024,삼청빙수,친절한
카페,MA010120220801049024,삼청빙수,우유빙수
카페,MA010120220801049024,삼청빙수,맛집
카페,MA010120220800038961,삼청동우피,달다
카페,MA010120220800038961,삼청동우피,팥죽
카페,MA010120220800038961,삼청동우피,간식
한식,MA010120220800002065,삼청동수제비,웨이팅
한식,MA010120220800002065,삼청동수제비,줄
한식,MA010120220800002065,삼청동수제비,미쉐린
한식,MA010120220800002065,삼청동수제비,면
한식,MA010120220800002065,삼청동수제비,만족하는
한식,MA010120220800002065,삼청동수제비,룸
한식,MA010120220800002065,삼청동수제비,담백한
한식,MA010120220800002065,삼청동수제비,깔끔한
한식,MA010120220800002065,삼청동수제비,김치
한식,MA010120220800002065,삼청동수제비,가이드북
한식,MA010120220803286614,삼청동김치찌개,김치찌개
한식,MA010120220803286614,삼청동김치찌개,맛있는
한식,MA010120220803286614,삼청동김치찌개,반찬
한식,MA010120220803286614,삼청동김치찌개,밥
한식,MA010120220803286614,삼청동김치찌개,넉넉한
한식,MA010120220803286614,삼청동김치찌개,감동
한식,MA010120220803286614,삼청동김치찌개,바삭한
한식,MA010120220803286614,삼청동김치찌개,매운
한식,MA010120220803286614,삼청동김치찌개,듬뿍
한식,MA010120220803286614,삼청동김치찌개,손님
한식,MA010120220800075901,삼청동 만정,정갈한
한식,MA010120220800075901,삼청동 만정,맛있는
한식,MA010120220800075901,삼청동 만정,냉면
한식,MA010120220800075901,삼청동 만정,국밥
한식,MA010120220800075901,삼청동 만정,멋진
한식,MA010120220800075901,삼청동 만정,훌륭한
한식,MA010120220800075901,삼청동 만정,상차림
한식,MA010120220800075901,삼청동 만정,정갈한 반찬
한식,MA010120220800075901,삼청동 만정,편육
한식,MA010120220800075901,삼청동 만정,친절한
서양식,MA010120220800001520,삼청동 로마네꽁띠,맛있는
서양식,MA010120220800001520,삼청동 로마네꽁띠,특별한
서양식,MA010120220800001520,삼청동 로마네꽁띠,친절한
서양식,MA010120220800001520,삼청동 로마네꽁띠,분위기
서양식,MA010120220800001520,삼청동 로마네꽁띠,샐러드
서양식,MA010120220800001520,삼청동 로마네꽁띠,스테이크
서양식,MA010120220800001520,삼청동 로마네꽁띠,깔끔한
서양식,MA010120220800001520,삼청동 로마네꽁띠,단품
서양식,MA010120220800001520,삼청동 로마네꽁띠,비싼
서양식,MA010120220800001520,삼청동 로마네꽁띠,사장님
일식,1110,삼방매,라멘
일식,1110,삼방매,맛있는
일식,1110,삼방매,차슈
일식,1110,삼방매,국물
일식,1110,삼방매,웨이팅
일식,1110,삼방매,돈까스
일식,1110,삼방매,덮밥
일식,1110,삼방매,계란
일식,1110,삼방매,돈코츠라멘
일식,1110,삼방매,마늘
주점,MA010120220805042424,산체스 막걸리,막걸리
주점,MA010120220805042424,산체스 막걸리,안주
주점,MA010120220805042424,산체스 막걸리,분위기
주점,MA010120220805042424,산체스 막걸리,술집
주점,MA010120220805042424,산체스 막걸리,종류
주점,MA010120220805042424,산체스 막걸리,퓨전
주점,MA010120220805042424,산체스 막걸리,감자전
주점,MA010120220805042424,산체스 막걸리,맛있는
주점,MA010120220805042424,산체스 막걸리,바삭한
주점,MA010120220805042424,산체스 막걸리,부추
서양식,MA010120220803206304,비언유주얼 삼청점,친절한
서양식,MA010120220803206304,비언유주얼 삼청점,만족스러운
서양식,MA010120220803206304,비언유주얼 삼청점,예약
서양식,MA010120220803206304,비언유주얼 삼청점,예쁜
서양식,MA010120220803206304,비언유주얼 삼청점,영상
서양식,MA010120220803206304,비언유주얼 삼청점,엄마랑
서양식,MA010120220803206304,비언유주얼 삼청점,오리
서양식,MA010120220803206304,비언유주얼 삼청점,유니크
서양식,MA010120220803206304,비언유주얼 삼청점,알려진
서양식,MA010120220803206304,비언유주얼 삼청점,아쉬운
주점,MA010120220805529268,비어셰프냐항,쌀국수
주점,MA010120220805529268,비어셰프냐항,맛있는
주점,MA010120220805529268,비어셰프냐항,볶음밥
주점,MA010120220805529268,비어셰프냐항,국물
주점,MA010120220805529268,비어셰프냐항,친절한
주점,MA010120220805529268,비어셰프냐항,반미
주점,MA010120220805529268,비어셰프냐항,새우볶음밥
주점,MA010120220805529268,비어셰프냐항,비빔쌀국수
주점,MA010120220805529268,비어셰프냐항,야외
주점,MA010120220805529268,비어셰프냐항,대기
카페,1115,블루보틀 삼청 카페,커피
카페,1115,블루보틀 삼청 카페,맛있는
카페,1115,블루보틀 삼청 카페,라떼
카페,1115,블루보틀 삼청 카페,자리
카페,1115,블루보틀 삼청 카페,친절한
카페,1115,블루보틀 삼청 카페,좌석
카페,1115,블루보틀 삼청 카페,뷰
카페,1115,블루보틀 삼청 카페,비싼
카페,1115,블루보틀 삼청 카페,분위기
카페,1115,블루보틀 삼청 카페,불편한
카페,1130,브릭샌드 삼청점,맛있는
카페,1130,브릭샌드 삼청점,휘낭시에
카페,1130,브릭샌드 삼청점,인테리어
카페,1130,브릭샌드 삼청점,디저트
카페,1130,브릭샌드 삼청점,불편한
카페,1130,브릭샌드 삼청점,아이스크림
카페,1130,브릭샌드 삼청점,의자
카페,1130,브릭샌드 삼청점,포장
카페,1130,브릭샌드 삼청점,퀄리티
카페,1130,브릭샌드 삼청점,맛집
카페,MA010120220807163036,북촌호떡,붕어빵
카페,MA010120220807163036,북촌호떡,사장님
카페,MA010120220807163036,북촌호떡,작은
카페,MA010120220807163036,북촌호떡,커피
카페,MA010120220807163036,북촌호떡,맛있는
카페,MA010120220807163036,북촌호떡,딸기주스
카페,MA010120220807163036,북촌호떡,친절한
카페,MA010120220807163036,북촌호떡,고소한
카페,MA010120220807163036,북촌호떡,달다
카페,MA010120220807163036,북촌호떡,드립커피
한식,MA010120220800090750,북촌집,삼계탕
한식,MA010120220800090750,북촌집,갓김치
한식,MA010120220800090750,북촌집,맛있는
한식,MA010120220814159400,북촌진곰탕,맛있는
한식,MA010120220814159400,북촌진곰탕,할머니
한식,MA010120220814159400,북촌진곰탕,깍두기
한식,MA010120220814159400,북촌진곰탕,곰탕
한식,MA010120220814159400,북촌진곰탕,파전
한식,MA010120220814159400,북촌진곰탕,쫀득한
한식,MA010120220814159400,북촌진곰탕,전통
한식,MA010120220814159400,북촌진곰탕,적당한
한식,MA010120220814159400,북촌진곰탕,오래된
한식,MA010120220814159400,북촌진곰탕,맛집
한식,MA010120220810334897,북촌연잎밥,맛있는
한식,MA010120220810334897,북촌연잎밥,반찬
한식,MA010120220810334897,북촌연잎밥,연잎밥
한식,MA010120220810334897,북촌연잎밥,편한
한식,MA010120220810334897,북촌연잎밥,계란찜
한식,MA010120220810334897,북촌연잎밥,맛집
한식,MA010120220810334897,북촌연잎밥,따뜻한
한식,MA010120220810334897,북촌연잎밥,연잎찰밥
한식,MA010120220810334897,북촌연잎밥,속
한식,MA010120220810334897,북촌연잎밥,서울역
카페,MA010120220802586539,북촌애가삼도예카페,한옥 뷰
카페,MA010120220802586539,북촌애가삼도예카페,조용한
카페,MA010120220802586539,북촌애가삼도예카페,커피 맛
카페,MA010120220802586539,북촌애가삼도예카페,대화하기 좋은
카페,MA010120220802586539,북촌애가삼도예카페,대화
카페,MA010120220802586539,북촌애가삼도예카페,맛있는
카페,MA010120220802586539,북촌애가삼도예카페,커피
카페,MA010120220802586539,북촌애가삼도예카페,카스텔라
카페,MA010120220802586539,북촌애가삼도예카페,아쉬운
카페,MA010120220802586539,북촌애가삼도예카페,젤리
분식,MA010120220808041049,북촌손만두 삼청동점,맛있는
분식,MA010120220808041049,북촌손만두 삼청동점,만두
분식,MA010120220808041049,북촌손만두 삼청동점,냉면
분식,MA010120220808041049,북촌손만두 삼청동점,친절한
분식,MA010120220808041049,북촌손만두 삼청동점,맛집
분식,MA010120220808041049,북촌손만두 삼청동점,미술관
분식,MA010120220808041049,북촌손만두 삼청동점,튀김만두
분식,MA010120220808041049,북촌손만두 삼청동점,강추
분식,MA010120220808041049,북촌손만두 삼청동점,깔끔한
분식,MA010120220808041049,북촌손만두 삼청동점,매운
한식,MA010120220813777954,북촌막국수,맛있는
한식,MA010120220813777954,북촌막국수,면
한식,MA010120220813777954,북촌막국수,편한
한식,MA010120220813777954,북촌막국수,자부심
한식,MA010120220813777954,북촌막국수,메밀
한식,MA010120220813777954,북촌막국수,막국수
한식,MA010120220813777954,북촌막국수,국산
한식,MA010120220813777954,북촌막국수,깔끔한
한식,MA010120220813777954,북촌막국수,비빔
한식,MA010120220813777954,북촌막국수,국산 메밀
한식,MA010120220809894482,북촌도담,김치찜
한식,MA010120220809894482,북촌도담,보쌈
한식,MA010120220809894482,북촌도담,웨이팅
한식,MA010120220809894482,북촌도담,국물
한식,MA010120220809894482,북촌도담,부드러운
한식,MA010120220809894482,북촌도담,퍽퍽한
한식,MA010120220809894482,북촌도담,고기
한식,MA010120220809894482,북촌도담,김치
한식,MA010120220809894482,북촌도담,맛있는
한식,MA010120220809894482,북촌도담,평일
한식,MA010120220807099433,부영도가니탕,도가니탕
한식,MA010120220807099433,부영도가니탕,맛있는
한식,MA010120220807099433,부영도가니탕,국물
한식,MA010120220807099433,부영도가니탕,고기
한식,MA010120220807099433,부영도가니탕,깍두기
한식,MA010120220807099433,부영도가니탕,맛집
한식,MA010120220807099433,부영도가니탕,고추장
한식,MA010120220807099433,부영도가니탕,밥
한식,MA010120220807099433,부영도가니탕,진한
한식,MA010120220807099433,부영도가니탕,곰탕
서양식,MA010120220808731523,부띠끄경성,맛있는
서양식,MA010120220808731523,부띠끄경성,스테이크
서양식,MA010120220808731523,부띠끄경성,파스타
서양식,MA010120220808731523,부띠끄경성,친절한
서양식,MA010120220808731523,부띠끄경성,분위기
서양식,MA010120220808731523,부띠끄경성,사장님
서양식,MA010120220808731523,부띠끄경성,함박스테이크
서양식,MA010120220808731523,부띠끄경성,아보카도
서양식,MA010120220808731523,부띠끄경성,소스
서양식,MA010120220808731523,부띠끄경성,면
카페,MA010120220814111792,보이차전문점 명가원,중요한
카페,MA010120220814111792,보이차전문점 명가원,조용한
카페,MA010120220814111792,보이차전문점 명가원,차
카페,MA010120220814111792,보이차전문점 명가원,화장실
카페,MA010120220814111792,보이차전문점 명가원,상견례
카페,MA010120220814111792,보이차전문점 명가원,보이차
카페,MA010120220814111792,보이차전문점 명가원,만족하는
카페,MA010120220814111792,보이차전문점 명가원,깨끗한
카페,MA010120220814111792,보이차전문점 명가원,장소
카페,MA010120220814111792,보이차전문점 명가원,예약
카페,MA010120220811905091,보드레 안다미로,빙수
카페,MA010120220811905091,보드레 안다미로,맛있는
카페,MA010120220811905091,보드레 안다미로,말투
카페,MA010120220811905091,보드레 안다미로,고소한
카페,MA010120220811905091,보드레 안다미로,분위기
카페,MA010120220811905091,보드레 안다미로,면
카페,MA010120220811905091,보드레 안다미로,얼음
카페,MA010120220811905091,보드레 안다미로,쏘쏘
카페,MA010120220811905091,보드레 안다미로,설빙
카페,MA010120220811905091,보드레 안다미로,뿌리는
한식,MA010120220800061245,별궁식당,청국장
한식,MA010120220800061245,별궁식당,맛있는
한식,MA010120220800061245,별궁식당,반찬
한식,MA010120220800061245,별궁식당,맛집
한식,MA010120220800061245,별궁식당,아쉬운
한식,MA010120220800061245,별궁식당,담백한
한식,MA010120220800061245,별궁식당,백반
한식,MA010120220800061245,별궁식당,조미료
한식,MA010120220800061245,별궁식당,걸쭉한
한식,MA010120220800061245,별궁식당,청국장 맛집
한식,MA010120220803938813,벽오동가,반찬
한식,MA010120220803938813,벽오동가,된장찌개
한식,MA010120220803938813,벽오동가,자리
한식,MA010120220803938813,벽오동가,정식
한식,MA010120220803938813,벽오동가,외국인
한식,MA010120220803938813,벽오동가,서온
한식,MA010120220803938813,벽오동가,사진
한식,MA010120220803938813,벽오동가,뻔한
한식,MA010120220803938813,벽오동가,맛없는
한식,MA010120220803938813,벽오동가,나물 반찬
서양식,MA010120220806582351,베테카텐,맛있는
서양식,MA010120220806582351,베테카텐,파스타
서양식,MA010120220806582351,베테카텐,분위기
서양식,MA010120220806582351,베테카텐,피자
서양식,MA010120220806582351,베테카텐,친절한
서양식,MA010120220806582351,베테카텐,치즈
서양식,MA010120220806582351,베테카텐,식전빵
서양식,MA010120220806582351,베테카텐,조용한
서양식,MA010120220806582351,베테카텐,데이트
서양식,MA010120220806582351,베테카텐,큰
카페,MA010120220808335489,베커린 안국점,맛있는
카페,MA010120220808335489,베커린 안국점,프레첼
카페,MA010120220808335489,베커린 안국점,빵
카페,MA010120220808335489,베커린 안국점,종류
카페,MA010120220808335489,베커린 안국점,다양한
카페,MA010120220808335489,베커린 안국점,시나몬
카페,MA010120220808335489,베커린 안국점,밀크슈탕에
카페,MA010120220808335489,베커린 안국점,아쉬운
카페,MA010120220808335489,베커린 안국점,친절한
카페,MA010120220808335489,베커린 안국점,브레첼
카페,MA010120220804670209,백미당 삼청점,아이스크림
카페,MA010120220804670209,백미당 삼청점,맛있는
카페,MA010120220804670209,백미당 삼청점,자리
카페,MA010120220804670209,백미당 삼청점,경복궁
카페,MA010120220804670209,백미당 삼청점,친절한
카페,MA010120220804670209,백미당 삼청점,멋진
카페,MA010120220804670209,백미당 삼청점,맛있는 아이스크림
카페,MA010120220804670209,백미당 삼청점,분위기
카페,MA010120220804670209,백미당 삼청점,인테리어
카페,MA010120220804670209,백미당 삼청점,맛집
한식,MA010120220804454619,반한닥,간단하게 먹는
한식,MA010120220804454619,반한닥,기대한
한식,MA010120220804454619,반한닥,맛있는
한식,MA010120220804454619,반한닥,간장
한식,MA010120220804454619,반한닥,갈릭마요네즈
한식,MA010120220804454619,반한닥,넓은
한식,MA010120220804454619,반한닥,고추장
한식,MA010120220804454619,반한닥,데리야끼
한식,MA010120220804454619,반한닥,닭꼬치
한식,MA010120220804454619,반한닥,닭고기
주점,MA0101202212A0051147,바운드리스,솥밥
주점,MA0101202212A0051147,바운드리스,고소한
주점,MA0101202212A0051147,바운드리스,파스타
주점,MA0101202212A0051147,바운드리스,백김치
주점,MA0101202212A0051147,바운드리스,독특한
주점,MA0101202212A0051147,바운드리스,누룽지
주점,MA0101202212A0051147,바운드리스,고등어
주점,MA0101202212A0051147,바운드리스,세련되다
주점,MA0101202212A0051147,바운드리스,사과
주점,MA0101202212A0051147,바운드리스,뽈뽀
서양식,MA010120220805171860,미트볼라운지 X 아날로그키친 삼청점,맛있는
서양식,MA010120220805171860,미트볼라운지 X 아날로그키친 삼청점,파스타
서양식,MA010120220805171860,미트볼라운지 X 아날로그키친 삼청점,친절한
서양식,MA010120220805171860,미트볼라운지 X 아날로그키친 삼청점,분위기
서양식,MA010120220805171860,미트볼라운지 X 아날로그키친 삼청점,넓은
서양식,MA010120220805171860,미트볼라운지 X 아날로그키친 삼청점,스테이크
서양식,MA010120220805171860,미트볼라운지 X 아날로그키친 삼청점,샐러드
서양식,MA010120220805171860,미트볼라운지 X 아날로그키친 삼청점,사장님
서양식,MA010120220805171860,미트볼라운지 X 아날로그키친 삼청점,쾌적한
서양식,MA010120220805171860,미트볼라운지 X 아날로그키친 삼청점,플래터
서양식,MA010120220812047933,미술관옆 돈까스,돈까스
서양식,MA010120220812047933,미술관옆 돈까스,맛있는
서양식,MA010120220812047933,미술관옆 돈까스,좁은
서양식,MA010120220812047933,미술관옆 돈까스,치즈
서양식,MA010120220812047933,미술관옆 돈까스,친절한
서양식,MA010120220812047933,미술관옆 돈까스,테이블
서양식,MA010120220812047933,미술관옆 돈까스,셀프
서양식,MA010120220812047933,미술관옆 돈까스,우동
서양식,MA010120220812047933,미술관옆 돈까스,작은
서양식,MA010120220812047933,미술관옆 돈까스,나들이
중식,MA010120220805435729,몽중헌 안국점,맛있는
중식,MA010120220805435729,몽중헌 안국점,딤섬
중식,MA010120220805435729,몽중헌 안국점,친절한
중식,MA010120220805435729,몽중헌 안국점,코스
중식,MA010120220805435729,몽중헌 안국점,비싼
중식,MA010120220805435729,몽중헌 안국점,새우
중식,MA010120220805435729,몽중헌 안국점,조용한
중식,MA010120220805435729,몽중헌 안국점,룸
중식,MA010120220805435729,몽중헌 안국점,분위기
중식,MA010120220805435729,몽중헌 안국점,예약
한식,MA010120220800552664,먹쉬돈나 삼청동점,떡볶이
한식,MA010120220800552664,먹쉬돈나 삼청동점,맛있는
한식,MA010120220800552664,먹쉬돈나 삼청동점,추억
한식,MA010120220800552664,먹쉬돈나 삼청동점,끓여먹는
한식,MA010120220800552664,먹쉬돈나 삼청동점,볶음밥
한식,MA010120220800552664,먹쉬돈나 삼청동점,외국인
한식,MA010120220800552664,먹쉬돈나 삼청동점,떡
한식,MA010120220800552664,먹쉬돈나 삼청동점,물가
한식,MA010120220800552664,먹쉬돈나 삼청동점,별로
한식,MA010120220800552664,먹쉬돈나 삼청동점,선택
한식,MA010120220800031301,만수의정원,깔끔한
한식,MA010120220800031301,만수의정원,반찬
한식,MA010120220800031301,만수의정원,맛있는
한식,MA010120220800031301,만수의정원,김치찌개
한식,MA010120220800031301,만수의정원,넓은
한식,MA010120220800031301,만수의정원,떡갈비
한식,MA010120220800031301,만수의정원,비빔밥
한식,MA010120220800031301,만수의정원,친절한
한식,MA010120220800031301,만수의정원,사장님
한식,MA010120220800031301,만수의정원,붐비는
서양식,MA010120220813341060,만가타,친절한
서양식,MA010120220813341060,만가타,분위기
서양식,MA010120220813341060,만가타,맛있는
서양식,MA010120220813341060,만가타,설명
서양식,MA010120220813341060,만가타,코스
서양식,MA010120220813341060,만가타,요리
서양식,MA010120220813341060,만가타,조용한
서양식,MA010120220813341060,만가타,특별한
서양식,MA010120220813341060,만가타,짠
서양식,MA010120220813341060,만가타,서비스
카페,MA010120220812392823,마칸틴,스콘
카페,MA010120220812392823,마칸틴,까눌레
카페,MA010120220812392823,마칸틴,맛있는
카페,MA010120220812392823,마칸틴,예쁜
카페,MA010120220812392823,마칸틴,톡
카페,MA010120220812392823,마칸틴,사장님
카페,MA010120220812392823,마칸틴,빵
카페,MA010120220812392823,마칸틴,친절한
카페,MA010120220812392823,마칸틴,치즈
카페,MA010120220812392823,마칸틴,종류
한식,MA010120220808277059,마음을담아내면,맛있는
한식,MA010120220808277059,마음을담아내면,깔끔한
한식,MA010120220808277059,마음을담아내면,명란
한식,MA010120220808277059,마음을담아내면,덮밥
한식,MA010120220808277059,마음을담아내면,예쁜
한식,MA010120220808277059,마음을담아내면,국수
한식,MA010120220808277059,마음을담아내면,아보카도
한식,MA010120220808277059,마음을담아내면,친구랑
한식,MA010120220808277059,마음을담아내면,종류
한식,MA010120220808277059,마음을담아내면,담백한
한식,MA010120220800022467,마나님 레시피,불친절한
한식,MA010120220800022467,마나님 레시피,맛있는
한식,MA010120220800022467,마나님 레시피,사장님
한식,MA010120220800022467,마나님 레시피,딱딱한
한식,MA010120220800022467,마나님 레시피,멋진
한식,MA010120220800022467,마나님 레시피,밥
한식,MA010120220800022467,마나님 레시피,면
한식,MA010120220800022467,마나님 레시피,깊은
한식,MA010120220800022467,마나님 레시피,건강한
한식,MA010120220800022467,마나님 레시피,불쾌한
주점,MA010120220813047723,률,추천하는
주점,MA010120220813047723,률,맛있는
주점,MA010120220813047723,률,분위기
주점,MA010120220813047723,률,와인
주점,MA010120220813047723,률,친절한
주점,MA010120220813047723,률,안주
주점,MA010120220813047723,률,맛있는 음식
주점,MA010120220813047723,률,내추럴 와인
주점,MA010120220813047723,률,귀여운
주점,MA010120220813047723,률,강아지
주점,MA010120220806024744,라 끌레,분위기
주점,MA010120220806024744,라 끌레,음악
주점,MA010120220806024744,라 끌레,재즈
주점,MA010120220806024744,라 끌레,가성비
주점,MA010120220806024744,라 끌레,세월
주점,MA010120220806024744,라 끌레,선곡
주점,MA010120220806024744,라 끌레,서울
주점,MA010120220806024744,라 끌레,사진
주점,MA010120220806024744,라 끌레,아주머니
주점,MA010120220806024744,라 끌레,음악 분위기
한식,MA010120220800073709,두레 국립현대미술관서울점,미술관
한식,MA010120220800073709,두레 국립현대미술관서울점,분위기
한식,MA010120220800073709,두레 국립현대미술관서울점,주차
한식,MA010120220800073709,두레 국립현대미술관서울점,무료
한식,MA010120220800073709,두레 국립현대미술관서울점,맛있는
한식,MA010120220800073709,두레 국립현대미술관서울점,깔끔한
한식,MA010120220800073709,두레 국립현대미술관서울점,유일한
한식,MA010120220800073709,두레 국립현대미술관서울점,낙지
한식,MA010120220800073709,두레 국립현대미술관서울점,둘이서
한식,MA010120220800073709,두레 국립현대미술관서울점,비빔밥
서양식,MA010120220800069858,두가헌 레스토랑,사진
서양식,MA010120220800069858,두가헌 레스토랑,스테이크
서양식,MA010120220800069858,두가헌 레스토랑,레스토랑
서양식,MA010120220800069858,두가헌 레스토랑,무릎
서양식,MA010120220800069858,두가헌 레스토랑,분위기
서양식,MA010120220800069858,두가헌 레스토랑,미슐랭
서양식,MA010120220800069858,두가헌 레스토랑,번
서양식,MA010120220800069858,두가헌 레스토랑,농어
서양식,MA010120220800069858,두가헌 레스토랑,고기
서양식,MA010120220800069858,두가헌 레스토랑,분홍색
한식,MA010120220800038144,동백식당,맛있는
한식,MA010120220800038144,동백식당,고기국수
한식,MA010120220800038144,동백식당,고기
한식,MA010120220800038144,동백식당,국물
한식,MA010120220800038144,동백식당,든든한
한식,MA010120220800038144,동백식당,혼밥
한식,MA010120220800038144,동백식당,반찬
한식,MA010120220800038144,동백식당,맛있는 국수
한식,MA010120220800038144,동백식당,맛있는 국물
한식,MA010120220800038144,동백식당,막걸리
카페,MA010120220810354223,도트블랭킷 안국점,맛있는
카페,MA010120220810354223,도트블랭킷 안국점,웨이팅
카페,MA010120220810354223,도트블랭킷 안국점,브점심
카페,MA010120220810354223,도트블랭킷 안국점,아보카도
카페,MA010120220810354223,도트블랭킷 안국점,신선한
카페,MA010120220810354223,도트블랭킷 안국점,기다림
카페,MA010120220810354223,도트블랭킷 안국점,샐러드
카페,MA010120220810354223,도트블랭킷 안국점,건강한
카페,MA010120220810354223,도트블랭킷 안국점,합리적인 가격
카페,MA010120220810354223,도트블랭킷 안국점,재료
한식,MA010120220813940667,도라보울,카레
한식,MA010120220813940667,도라보울,야채
한식,MA010120220813940667,도라보울,맛있는
한식,MA010120220813940667,도라보울,건강한
한식,MA010120220813940667,도라보울,친절한
한식,MA010120220813940667,도라보울,다양한
한식,MA010120220813940667,도라보울,분위기
한식,MA010120220813940667,도라보울,스프
한식,MA010120220813940667,도라보울,고기
한식,MA010120220813940667,도라보울,단계
카페,MA010120220804340076,데시데,디저트
카페,MA010120220804340076,데시데,맛있는
카페,MA010120220804340076,데시데,사장님
카페,MA010120220804340076,데시데,친절한
카페,MA010120220804340076,데시데,피스타치오
카페,MA010120220804340076,데시데,커피
카페,MA010120220804340076,데시데,타르트
카페,MA010120220804340076,데시데,레몬
카페,MA010120220804340076,데시데,예쁜
카페,MA010120220804340076,데시데,어울리는
카페,MA010120220800139602,더베이커스테이블,맛있는
카페,MA010120220800139602,더베이커스테이블,빵
카페,MA010120220800139602,더베이커스테이블,소스
카페,MA010120220800139602,더베이커스테이블,이태원
카페,MA010120220800139602,더베이커스테이블,토마토 스프
카페,MA010120220800139602,더베이커스테이블,독일
카페,MA010120220800139602,더베이커스테이블,브점심
카페,MA010120220800139602,더베이커스테이블,스프
카페,MA010120220800139602,더베이커스테이블,서두르는
카페,MA010120220800139602,더베이커스테이블,다양한
서양식,MA010120220805964062,더그릭,행복한
서양식,MA010120220805964062,더그릭,데이트
서양식,MA010120220805964062,더그릭,특별한
서양식,MA010120220805964062,더그릭,그리스 음식
서양식,MA010120220805964062,더그릭,그리스
서양식,MA010120220805964062,더그릭,간단하게 먹는
서양식,MA010120220805964062,더그릭,맛있는
서양식,MA010120220805964062,더그릭,만족하는
서양식,MA010120220805964062,더그릭,유일한
서양식,MA010120220805964062,더그릭,와인
서양식,1117,더 레스토랑,레스토랑
서양식,1117,더 레스토랑,갤러리
서양식,1117,더 레스토랑,분위기
서양식,1117,더 레스토랑,맛있는
서양식,1117,더 레스토랑,가츠동
서양식,1117,더 레스토랑,경복궁
서양식,1117,더 레스토랑,양고기
서양식,1117,더 레스토랑,실망
서양식,1117,더 레스토랑,스테이크
서양식,1117,더 레스토랑,새해
카페,MA010120220808537838,달,맛있는
카페,MA010120220808537838,달,팥빙수
카페,MA010120220808537838,달,빙수
카페,MA010120220808537838,달,와플
카페,MA010120220808537838,달,큰
카페,MA010120220808537838,달,맛집
카페,MA010120220808537838,달,커피
카페,MA010120220808537838,달,자리
카페,MA010120220808537838,달,항아리 팥빙수
카페,MA010120220808537838,달,순간
한식,MA010120220800072025,단풍나무집 삼청점,맛있는
한식,MA010120220800072025,단풍나무집 삼청점,혼밥
한식,MA010120220800072025,단풍나무집 삼청점,목살
한식,MA010120220800072025,단풍나무집 삼청점,반찬
한식,MA010120220800072025,단풍나무집 삼청점,부위
한식,MA010120220800072025,단풍나무집 삼청점,분위기
한식,MA010120220800072025,단풍나무집 삼청점,양
한식,MA010120220800072025,단풍나무집 삼청점,유아차
한식,MA010120220800072025,단풍나무집 삼청점,맛집
한식,MA010120220800072025,단풍나무집 삼청점,고기
한식,MA010120220800033742,다사리아,꼬치
한식,MA010120220800033742,다사리아,소금
한식,MA010120220800033742,다사리아,맥주
한식,MA010120220800033742,다사리아,가성비
한식,MA010120220800033742,다사리아,맛있는
한식,MA010120220800033742,다사리아,분위기
한식,MA010120220800033742,다사리아,친절한
한식,MA010120220800033742,다사리아,고양이
한식,MA010120220800033742,다사리아,뿌리는
한식,MA010120220800033742,다사리아,북촌한옥마을
한식,MA010120220800019161,다락정,맛있는
한식,MA010120220800019161,다락정,김치만두전골
한식,MA010120220800019161,다락정,만두전골
한식,MA010120220800019161,다락정,불고기
한식,MA010120220800019161,다락정,비지
한식,MA010120220800019161,다락정,전
한식,MA010120220800019161,다락정,정갈한
한식,MA010120220800019161,다락정,둘이서
한식,MA010120220800019161,다락정,섞다찌개
한식,MA010120220800019161,다락정,만두
한식,MA010120220800016329,눈나무집,맛있는
한식,MA010120220800016329,눈나무집,국수
한식,MA010120220800016329,눈나무집,떡갈비
한식,MA010120220800016329,눈나무집,자극적인
한식,MA010120220800016329,눈나무집,빈대떡
한식,MA010120220800016329,눈나무집,김치말이국수
한식,MA010120220800016329,눈나무집,두부김치
한식,MA010120220800016329,눈나무집,슴슴한
한식,MA010120220800016329,눈나무집,심심한
한식,MA010120220800016329,눈나무집,사리
카페,MA010120220806167899,네마커피 삼청점,커피
카페,MA010120220806167899,네마커피 삼청점,맛있는
카페,MA010120220806167899,네마커피 삼청점,예쁜
카페,MA010120220806167899,네마커피 삼청점,애플파이
카페,MA010120220806167899,네마커피 삼청점,친절한
카페,MA010120220806167899,네마커피 삼청점,인테리어
카페,MA010120220806167899,네마커피 삼청점,맛있는 커피
카페,MA010120220806167899,네마커피 삼청점,분위기
카페,MA010120220806167899,네마커피 삼청점,뷰
카페,MA010120220806167899,네마커피 삼청점,디저트
한식,MA010120220801725570,꿀밥상,반찬
한식,MA010120220801725570,꿀밥상,맛있는
한식,MA010120220801725570,꿀밥상,맛집
한식,MA010120220801725570,꿀밥상,집
한식,MA010120220801725570,꿀밥상,맛없는
한식,MA010120220801725570,꿀밥상,된장찌개
한식,MA010120220801725570,꿀밥상,김치
한식,MA010120220801725570,꿀밥상,김치찌개
한식,MA010120220801725570,꿀밥상,깔끔한
한식,MA010120220801725570,꿀밥상,다양한
한식,MA0101202302A0049900,꽃누리들밥 경복궁점,반찬
한식,MA0101202302A0049900,꽃누리들밥 경복궁점,맛있는
한식,MA0101202302A0049900,꽃누리들밥 경복궁점,밥
한식,MA0101202302A0049900,꽃누리들밥 경복궁점,정식
한식,MA0101202302A0049900,꽃누리들밥 경복궁점,셀프
한식,MA0101202302A0049900,꽃누리들밥 경복궁점,청국장
한식,MA0101202302A0049900,꽃누리들밥 경복궁점,불고기
한식,MA0101202302A0049900,꽃누리들밥 경복궁점,맛집
한식,MA0101202302A0049900,꽃누리들밥 경복궁점,한식
한식,MA0101202302A0049900,꽃누리들밥 경복궁점,건강한
카페,MA010120220808167732,까페 골목숲,뷰
카페,MA010120220808167732,까페 골목숲,커피
카페,MA010120220808167732,까페 골목숲,맛있는
카페,MA010120220808167732,까페 골목숲,소품
카페,MA010120220808167732,까페 골목숲,조용한
카페,MA010120220808167732,까페 골목숲,루프탑
카페,MA010120220808167732,까페 골목숲,불친절한
카페,MA010120220808167732,까페 골목숲,좋은 뷰
카페,MA010120220808167732,까페 골목숲,힐링
카페,MA010120220808167732,까페 골목숲,해지
중식,MA010120220813547232,길운구락부 & Bar,맛있는
중식,MA010120220813547232,길운구락부 & Bar,짬뽕
중식,MA010120220813547232,길운구락부 & Bar,짜장면
중식,MA010120220813547232,길운구락부 & Bar,탕수육
중식,MA010120220813547232,길운구락부 & Bar,탕
중식,MA010120220813547232,길운구락부 & Bar,음미
중식,MA010120220813547232,길운구락부 & Bar,아쉬운
중식,MA010120220813547232,길운구락부 & Bar,시원한
중식,MA010120220813547232,길운구락부 & Bar,누룽지
중식,MA010120220813547232,길운구락부 & Bar,국물
주점,MA010120220810071022,기와탭룸,맥주
주점,MA010120220810071022,기와탭룸,분위기
주점,MA010120220810071022,기와탭룸,맛있는
주점,MA010120220810071022,기와탭룸,안주
주점,MA010120220810071022,기와탭룸,친절한
주점,MA010120220810071022,기와탭룸,다양한
주점,MA010120220810071022,기와탭룸,종류
주점,MA010120220810071022,기와탭룸,자리
주점,MA010120220810071022,기와탭룸,감자튀김
주점,MA010120220810071022,기와탭룸,서비스
한식,MA010120220809324261,권사부순대국 삼청점,편한
한식,MA010120220809324261,권사부순대국 삼청점,혼밥
한식,MA010120220809324261,권사부순대국 삼청점,맛집
한식,MA010120220809324261,권사부순대국 삼청점,김치
한식,MA010120220809324261,권사부순대국 삼청점,깍두기
한식,MA010120220809324261,권사부순대국 삼청점,국물
한식,MA010120220809324261,권사부순대국 삼청점,고추
한식,MA010120220809324261,권사부순대국 삼청점,다대기
한식,MA010120220809324261,권사부순대국 삼청점,국밥
한식,MA010120220809324261,권사부순대국 삼청점,맛있는
한식,MA010120220800030270,국수명가,사장님
한식,MA010120220800030270,국수명가,친절한
한식,MA010120220800030270,국수명가,맛있는
한식,MA010120220800030270,국수명가,손님
한식,MA010120220800030270,국수명가,김치
한식,MA010120220800030270,국수명가,비빔국수
한식,MA010120220800030270,국수명가,비빔
한식,MA010120220800030270,국수명가,수제비
한식,MA010120220800030270,국수명가,양
한식,MA010120220800030270,국수명가,말투
패스트푸드,MA0101202211A0077915,교촌치킨 안국점,넓은
패스트푸드,MA0101202211A0077915,교촌치킨 안국점,치킨
패스트푸드,MA0101202211A0077915,교촌치킨 안국점,맛있는
패스트푸드,MA0101202211A0077915,교촌치킨 안국점,콤보
패스트푸드,MA0101202211A0077915,교촌치킨 안국점,바삭한
패스트푸드,MA0101202211A0077915,교촌치킨 안국점,짠
패스트푸드,MA0101202211A0077915,교촌치킨 안국점,모임
패스트푸드,MA0101202211A0077915,교촌치킨 안국점,맥주
패스트푸드,MA0101202211A0077915,교촌치킨 안국점,동남아
패스트푸드,MA0101202211A0077915,교촌치킨 안국점,뽀송뽀송
주점,MA0101202210A0088570,공공재 커피클럽,맛있는
주점,MA0101202210A0088570,공공재 커피클럽,커피
주점,MA0101202210A0088570,공공재 커피클럽,공공재라떼
주점,MA0101202210A0088570,공공재 커피클럽,분위기
주점,MA0101202210A0088570,공공재 커피클럽,친절한
주점,MA0101202210A0088570,공공재 커피클럽,디저트
주점,MA0101202210A0088570,공공재 커피클럽,딸기
주점,MA0101202210A0088570,공공재 커피클럽,베이스
주점,MA0101202210A0088570,공공재 커피클럽,맛있는 라떼
주점,MA0101202210A0088570,공공재 커피클럽,예쁜
서양식,1102,고메오드,친절한
서양식,1102,고메오드,분위기
서양식,1102,고메오드,맛있는
서양식,1102,고메오드,화이트
서양식,1102,고메오드,좋은 분위기
서양식,1102,고메오드,파스타
서양식,1102,고메오드,유부초밥
서양식,1102,고메오드,맛집
서양식,1102,고메오드,조용한
서양식,1102,고메오드,맛있는 음식
카페,1126,고디바 삼청점,맛있는
카페,1126,고디바 삼청점,친절한
카페,1126,고디바 삼청점,아이스크림
카페,1126,고디바 삼청점,프레첼
카페,1126,고디바 삼청점,남편
카페,1126,고디바 삼청점,딸
카페,1126,고디바 삼청점,한적한
카페,1126,고디바 삼청점,겨울에도
카페,1126,고디바 삼청점,고디바
카페,1126,고디바 삼청점,신랑
한식,MA010120220800002167,경춘자의라면땡기는날,라면
한식,MA010120220800002167,경춘자의라면땡기는날,매운
한식,MA010120220800002167,경춘자의라면땡기는날,맛있는
한식,MA010120220800002167,경춘자의라면땡기는날,짬뽕
한식,MA010120220800002167,경춘자의라면땡기는날,짬뽕라면
한식,MA010120220800002167,경춘자의라면땡기는날,추억
한식,MA010120220800002167,경춘자의라면땡기는날,치즈
한식,MA010120220800002167,경춘자의라면땡기는날,웨이팅
한식,MA010120220800002167,경춘자의라면땡기는날,뚝배기
한식,MA010120220800002167,경춘자의라면땡기는날,맛집
카페,1118,거울한옥미러룸,예쁜
카페,1118,거울한옥미러룸,넓은
카페,1118,거울한옥미러룸,맛있는
카페,1118,거울한옥미러룸,디저트
카페,1118,거울한옥미러룸,견과류
카페,1118,거울한옥미러룸,따뜻한
카페,1118,거울한옥미러룸,매실티
카페,1118,거울한옥미러룸,비싼
카페,1118,거울한옥미러룸,물가
카페,1118,거울한옥미러룸,사방
한식,1101,개성철렵 & 루프탑 나위,친절한
한식,1101,개성철렵 & 루프탑 나위,맛있는
한식,1101,개성철렵 & 루프탑 나위,철렵국
한식,1101,개성철렵 & 루프탑 나위,깔끔한
한식,1101,개성철렵 & 루프탑 나위,비빔밥
한식,1101,개성철렵 & 루프탑 나위,부모님
한식,1101,개성철렵 & 루프탑 나위,국물
한식,1101,개성철렵 & 루프탑 나위,개성
한식,1101,개성철렵 & 루프탑 나위,고수
한식,1101,개성철렵 & 루프탑 나위,깊은
패스트푸드,MA010120220811299767,감동칩스 북촌본점,감자칩
패스트푸드,MA010120220811299767,감동칩스 북촌본점,맛있는
패스트푸드,MA010120220811299767,감동칩스 북촌본점,고구마
패스트푸드,MA010120220811299767,감동칩스 북촌본점,허니버터칩 맛
패스트푸드,MA010120220811299767,감동칩스 북촌본점,바삭한
패스트푸드,MA010120220811299767,감동칩스 북촌본점,감자
패스트푸드,MA010120220811299767,감동칩스 북촌본점,칩스
패스트푸드,MA010120220811299767,감동칩스 북촌본점,달다
패스트푸드,MA010120220811299767,감동칩스 북촌본점,고구마칩
패스트푸드,MA010120220811299767,감동칩스 북촌본점,건강한
분식,MA010120220811476208,가례원,김밥
분식,MA010120220811476208,가례원,라면
분식,MA010120220811476208,가례원,예쁜
분식,MA010120220811476208,가례원,해물
분식,MA010120220811476208,가례원,친절한
분식,MA010120220811476208,가례원,맛있는
분식,MA010120220811476208,가례원,비싼
분식,MA010120220811476208,가례원,분위기
분식,MA010120220811476208,가례원,라면 김밥
분식,MA010120220811476208,가례원,사장님
카페,MA010120220800035353,RadioM 삼청점,맛있는
카페,MA010120220800035353,RadioM 삼청점,커피
카페,MA010120220800035353,RadioM 삼청점,빵
카페,MA010120220800035353,RadioM 삼청점,디저트
카페,MA010120220800035353,RadioM 삼청점,소금빵
카페,MA010120220800035353,RadioM 삼청점,스콘
카페,MA010120220800035353,RadioM 삼청점,분위기
카페,MA010120220800035353,RadioM 삼청점,케이크
카페,MA010120220800035353,RadioM 삼청점,대화
카페,MA010120220800035353,RadioM 삼청점,맛있는 커피
카페,MA010120220800076059,CFlamingo,케이크
카페,MA010120220800076059,CFlamingo,커피
카페,MA010120220800076059,CFlamingo,맛있는
카페,MA010120220800076059,CFlamingo,여전한
카페,MA010120220800076059,CFlamingo,예쁜
카페,MA010120220800076059,CFlamingo,편한
카페,MA010120220800076059,CFlamingo,맛집
카페,MA010120220800076059,CFlamingo,강추
카페,MA010120220800076059,CFlamingo,딸기
카페,MA010120220800076059,CFlamingo,맛있는케이크
카페,MA010120220800029549,CAFE D_55,샌드위치
카페,MA010120220800029549,CAFE D_55,바삭한
카페,MA010120220800029549,CAFE D_55,채광
카페,MA010120220800029549,CAFE D_55,맛있는
카페,MA010120220800029549,CAFE D_55,루꼴라
카페,MA010120220800029549,CAFE D_55,인테리어
카페,MA010120220800029549,CAFE D_55,티
카페,MA010120220800029549,CAFE D_55,빵
카페,MA010120220800029549,CAFE D_55,예쁜
카페,MA010120220800029549,CAFE D_55,양
패스트푸드,MA010120220800032015,57th Cafe,친절한
패스트푸드,MA010120220800032015,57th Cafe,혼잡한
패스트푸드,MA010120220800032015,57th Cafe,가까운
패스트푸드,MA010120220800032015,57th Cafe,맛있는
패스트푸드,MA010120220800032015,57th Cafe,만두
패스트푸드,MA010120220800032015,57th Cafe,갤러리
패스트푸드,MA010120220800032015,57th Cafe,박물관
패스트푸드,MA010120220800032015,57th Cafe,조용한
패스트푸드,MA010120220800032015,57th Cafe,원두
패스트푸드,MA010120220800032015,57th Cafe,쏘쏘
